name,motor width (mm),motor height (mm),Kv (rms/V),propeller diameter (in),propeller pitch (in),battery (V),min PWM throttle (µs),max PWM throttle (µs),PWM throttle (%),Time (s),PWM throttle signal (µs),Rotation speed (rpm),Thrust (kgf),Torque (N⋅m),Voltage (V),Current (A),Electrical power (W),Mechanical power (W),Motor & ESC efficiency (%),Propeller efficiency (gf/W),Propulsion system efficiency (gf/W)
 Samguk Shu HQ 5151,23,6,2500,5.1,5.1,14.8,1000,2000,0,1.5020493999997,1000,0,-0.000291868067633,-2.1958372929943E-05,14.833589544296,-0.003548859248986,0.05264232144993,0,0,,
 Samguk Shu HQ 5151,23,6,2500,5.1,5.1,14.8,1000,2000,20.4,113.93764424999,1204,5732,0.074485511033909,0.015681198566351,14.813543395996,1.3016286122799,19.2817319334783,9.41269646171414,48.8166545110563,7.91330213790237,3.86300936507583
 Samguk Shu HQ 5151,23,6,2500,5.1,5.1,14.8,1000,2000,24.5,108.62396924999,1245,6841.99999999998,0.109027154183304,0.021995296783042,14.796064062119,2.0547483873367,30.4021887705695,15.7594665996518,51.8366184704031,6.91820078388394,3.58616134535835
 Samguk Shu HQ 5151,23,6,2500,5.1,5.1,14.8,1000,2000,28.6,103.35132399999,1286,7947.00000000004,0.150343728712221,0.030052342583683,14.774263153076,3.0117545580864,44.4964543936446,25.0097967294082,56.2062687245938,6.01139346868168,3.37877996709991
 Samguk Shu HQ 5151,23,6,2500,5.1,5.1,14.8,1000,2000,32.7,98.208512499991,1327,8930.99999999999,0.197998491046107,0.036123308182926,14.747594919205,4.2046439027786,62.008385057684,33.7844010281471,54.4836008819111,5.86064825838251,3.1930922061898
 Samguk Shu HQ 5151,23,6,2500,5.1,5.1,14.8,1000,2000,36.8,92.769816799991,1368,9969.99999999993,0.251536851696675,0.04225449614102,14.713136138916,5.6350409078598,82.909124025702,44.1160584712641,53.2101369899748,5.70170727877965,3.03388625380601
 Samguk Shu HQ 5151,23,6,2500,5.1,5.1,14.8,1000,2000,40.9,87.671627699991,1409,10906.9999999997,0.297668600165214,0.047649828940908,14.675974607468,7.2718452692032,106.721416520262,54.4246039071486,50.9968904852526,5.46937559110313,2.789211480422
 Samguk Shu HQ 5151,23,6,2500,5.1,5.1,14.8,1000,2000,45,82.669429549991,1450,11778.0000000005,0.350462328038994,0.054073436070363,14.636391773224,9.0477042770386,132.425744447011,66.6935961548102,50.3630139542065,5.25481227951025,2.6464818415971
 Samguk Shu HQ 5151,23,6,2500,5.1,5.1,14.8,1000,2000,49.2,77.526264049991,1492,12602.0000000005,0.40103890193069,0.060385389705863,14.592039985657,11.055713043213,161.325406796514,79.6892916937688,49.3966159925969,5.03253189238786,2.4859004535878
 Samguk Shu HQ 5151,23,6,2500,5.1,5.1,14.8,1000,2000,53.3,72.551668849991,1533,13362.0000000001,0.459910446840573,0.067070839640015,14.540715808868,13.263161525726,192.855862472694,93.8499031048444,48.663235797736,4.90048930926208,2.38473666780905
 Samguk Shu HQ 5151,23,6,2500,5.1,5.1,14.8,1000,2000,57.4,67.445169799991,1574,14062.0000000004,0.513186183771839,0.073647239653317,14.490353469849,15.495937719345,224.541614900075,108.45065652019,48.2986891175842,4.73197858121125,2.28548362404989
 Samguk Shu HQ 5151,23,6,2500,5.1,5.1,14.8,1000,2000,61.5,62.418712399992,1615,14779.0000000005,0.582563040029195,0.082390720241048,14.430308437347,18.211444129944,262.796755884604,127.51226685007,48.5212484533337,4.56868232696527,2.21678170291037
 Samguk Shu HQ 5151,23,6,2500,5.1,5.1,14.8,1000,2000,65.6,57.419752649992,1656,15710.0000000004,0.672385730325392,0.094052456383014,14.434986429214,18.049165935516,260.539465337805,154.73014965507,59.3883730645004,4.34553790469599,2.58074426250013
 Samguk Shu HQ 5151,23,6,2500,5.1,5.1,14.8,1000,2000,69.7,52.714282499991,1697,16327.0000000001,0.705248088989217,0.098728266892426,14.391668233871,20.050227489471,288.556222042107,168.801586495696,58.4986819210104,4.17797073848709,2.44405781306044
 Samguk Shu HQ 5151,23,6,2500,5.1,5.1,14.8,1000,2000,73.8,47.839992249991,1738,16616.0000000003,0.733045982257305,0.10197706499312,14.33067568779,22.928024501801,328.574083297013,177.442484559145,54.0037981019783,4.13117514713883,2.23099148569996
 Samguk Shu HQ 5151,23,6,2500,5.1,5.1,14.8,1000,2000,77.9,42.918281399992,1779,16942.0000000002,0.776996977669408,0.10735501233514,14.264926948547,25.797194423676,367.995093931202,190.465193189318,51.7575359917505,4.07946966402985,2.11143297963279
 Samguk Shu HQ 5151,23,6,2500,5.1,5.1,14.8,1000,2000,82.1,38.223595299992,1821,17699.0000000004,0.86808115635581,0.11792674928131,14.213760232925,28.158704051971,400.241067864609,218.569558169993,54.6094780668356,3.97164712059609,2.16889576321402
 Samguk Shu HQ 5151,23,6,2500,5.1,5.1,14.8,1000,2000,86.2,33.601720449992,1862,18287.9999999996,0.908236203746295,0.12299718836759,14.151999769211,31.034938144684,439.206437461046,235.553745841211,53.6316697002199,3.85574935564195,2.06790275888625
 Samguk Shu HQ 5151,23,6,2500,5.1,5.1,14.8,1000,2000,90.3,29.027702199992,1903,18844.0000000003,0.96450449986085,0.12938553805638,14.077778367996,34.360255699158,483.716064400418,255.321536754144,52.7833486511604,3.77760729518715,1.99394762929031
 Samguk Shu HQ 5151,23,6,2500,5.1,5.1,14.8,1000,2000,94.4,24.368712349991,1944,19552.9999999999,1.02350512886653,0.13727892048258,13.994646949768,38.176243858337,534.263054665675,281.090309444135,52.6127170855998,3.64119677725834,1.91573255894891
 Samguk Shu HQ 5151,23,6,2500,5.1,5.1,14.8,1000,2000,98.5,19.70024389999,1985,20107,1.08494998324076,0.14527135948147,13.93530257225,41.067851066589,572.292930605018,305.883391403408,53.448745396878,3.5469398265233,1.8957948372589
Elite 2306 2150Kv 5030 tri-blade prop series 1521,23,6,2150,5,3,14.8,1000,1600,0,1.1901155499999,1000,0,0.000472355180292,,10.718440798452,-0.050285122818579,0.538978111973827,,,,
Elite 2306 2150Kv 5030 tri-blade prop series 1521,23,6,2150,5,3,14.8,1000,1600,24.8333333333333,77.5502579,1149,3159.99999999995,0.009221253282528,,10.713593264374,0.084799491906907,0.908507265316176,,,,10.1498949260669
Elite 2306 2150Kv 5030 tri-blade prop series 1521,23,6,2150,5,3,14.8,1000,1600,30.5,72.72468055,1183,3982.00000000005,0.014127088491475,,10.711833304723,0.14630707967265,1.56721704875425,,,,9.01412379523562
Elite 2306 2150Kv 5030 tri-blade prop series 1521,23,6,2150,5,3,14.8,1000,1600,36.3333333333333,67.9071161,1218,4800.00000000003,0.020526840600298,,10.709753029722,0.22451785231484,2.40453074905553,,,,8.53673449938639
Elite 2306 2150Kv 5030 tri-blade prop series 1521,23,6,2150,5,3,14.8,1000,1600,42.1666666666667,63.10310155,1253,5635.99999999998,0.028095794959079,,10.706836687908,0.32116047712176,3.4386127791533,,,,8.1706771781372
Elite 2306 2150Kv 5030 tri-blade prop series 1521,23,6,2150,5,3,14.8,1000,1600,48,58.29034285,1288,6480.99999999995,0.036774192054464,,10.702861850892,0.43520189715697,4.65790578251716,,,,7.89500556075891
Elite 2306 2150Kv 5030 tri-blade prop series 1521,23,6,2150,5,3,14.8,1000,1600,53.6666666666667,53.49740455,1322,7286.99999999999,0.047229774371502,,10.698689263826,0.5722056007475,6.12184991741838,,,,7.71495136414893
Elite 2306 2150Kv 5030 tri-blade prop series 1521,23,6,2150,5,3,14.8,1000,1600,59.5,48.72591795,1357,8095.00000000004,0.057920661571301,,10.694287665613,0.72466316266335,7.74975632219477,,,,7.47386874673986
Elite 2306 2150Kv 5030 tri-blade prop series 1521,23,6,2150,5,3,14.8,1000,1600,65.3333333333333,43.9190357,1392,8870.99999999998,0.069496033356079,,10.688898971934,0.90501078671822,9.67356886774156,,,,7.1841152222348
Elite 2306 2150Kv 5030 tri-blade prop series 1521,23,6,2150,5,3,14.8,1000,1600,71,39.1645655,1426,9653.00000000023,0.083468737436519,,10.682814022106,1.0969522847646,11.7185372492645,,,,7.12279490699729
Elite 2306 2150Kv 5030 tri-blade prop series 1521,23,6,2150,5,3,14.8,1000,1600,76.8333333333333,34.35359305,1461,10436.0000000003,0.097813530424644,,10.675453785576,1.3245021364133,14.1396613461769,,,,6.91767136637192
Elite 2306 2150Kv 5030 tri-blade prop series 1521,23,6,2150,5,3,14.8,1000,1600,82.6666666666667,29.5374307,1496,11247.9999999997,0.111907419653174,,10.668233019594,1.5846348793231,16.905254143595,,,,6.61968277451616
Elite 2306 2150Kv 5030 tri-blade prop series 1521,23,6,2150,5,3,14.8,1000,1600,88.5,24.76811805,1531,11999.9999999998,0.128040417981033,,10.660005793212,1.8589392737559,19.8163034274672,,,,6.4613674517901
Elite 2306 2150Kv 5030 tri-blade prop series 1521,23,6,2150,5,3,14.8,1000,1600,94.1666666666667,20.02655005,1565,12714.0000000004,0.143320898799763,,10.650880510723,2.158128171608,22.9859652826219,,,,6.23514814529536
Elite 2306 2150Kv 5030 tri-blade prop series 1521,23,6,2150,5,3,14.8,1000,1600,100,15.2719035,1600,13489.9999999999,0.1614869587572,,10.640136027356,2.4977728379388,26.5766427611039,,,,6.07627382468127
DYS Samguk Wei 2207 2600kv with Gemfan 6030R,22,7,2600,6,3,11.1,1000,1550,0,1.2363345,1000,0,-0.000113293634876,5.1148604192878E-05,11.30779214859,0.015849408539943,0.179221817447763,0,0,,
DYS Samguk Wei 2207 2600kv with Gemfan 6030R,22,7,2600,6,3,11.1,1000,1550,37.8181818181818,147.22027235,1208,8347,0.082017244644457,0.009364168458065,11.284142065048,1.2919414520264,14.5784508843903,8.18518028207828,56.1457479055094,10.0202123616062,5.62592317214414
DYS Samguk Wei 2207 2600kv with Gemfan 6030R,22,7,2600,6,3,11.1,1000,1550,41.0909090909091,140.4516902,1226,9414.00000000003,0.106994216885348,0.011375866326419,11.276547737122,1.7520612251759,19.7572020440565,11.2146904892836,56.7625439284165,9.54054122024935,5.41545390115272
DYS Samguk Wei 2207 2600kv with Gemfan 6030R,22,7,2600,6,3,11.1,1000,1550,44.3636363636364,133.6921281,1244,10426.0000000003,0.134789354839869,0.013636062066922,11.268203430176,2.2626638793945,25.4961568871284,14.8879639287153,58.3929726924114,9.05357881609941,5.28665380577087
DYS Samguk Wei 2207 2600kv with Gemfan 6030R,22,7,2600,6,3,11.1,1000,1550,47.6363636363636,126.94613635,1262,11266.0000000001,0.160111659744367,0.015674147084072,11.259334287643,2.7666540646553,31.1506829722203,18.4919317844873,59.3628454341695,8.65846043617161,5.13990848570326
DYS Samguk Wei 2207 2600kv with Gemfan 6030R,22,7,2600,6,3,11.1,1000,1550,50.9090909090909,120.17288945,1280,12121,0.187438956640861,0.017969870975313,11.249787864685,3.331114718914,37.4743339407123,22.809303715856,60.8664686394223,8.21765359328183,5.00179554725124
DYS Samguk Wei 2207 2600kv with Gemfan 6030R,22,7,2600,6,3,11.1,1000,1550,54.1818181818182,113.4174591,1298,12837.0000000003,0.212315875065818,0.019809416145355,11.240979366302,3.8851103878021,43.672445705089,26.6295504365935,60.975633506805,7.97294252380844,4.86155221302564
DYS Samguk Wei 2207 2600kv with Gemfan 6030R,22,7,2600,6,3,11.1,1000,1550,57.4545454545455,106.7417365,1316,13435.9999999995,0.236221907752596,0.021654321396067,11.231270942688,4.4363585758209,49.825945163962,30.4679470023911,61.1487587483396,7.75312848397885,4.74094183211702
DYS Samguk Wei 2207 2600kv with Gemfan 6030R,22,7,2600,6,3,11.1,1000,1550,60.7272727272727,100.04135115,1334,14141.9999999997,0.264564971466525,0.02417366225495,11.220985431671,5.0679895210266,56.8678365833008,35.7999072023906,62.9528207037565,7.3901021578307,4.6522777612436
DYS Samguk Wei 2207 2600kv with Gemfan 6030R,22,7,2600,6,3,11.1,1000,1550,64,93.33133325,1352,14654.9999999999,0.287228113079563,0.026131578412798,11.212067899704,5.6141811561584,62.9465803240867,40.1032974743395,63.7100494861893,7.16220687995418,4.56304554752206
DYS Samguk Wei 2207 2600kv with Gemfan 6030R,22,7,2600,6,3,11.1,1000,1550,67.2727272727273,86.6148435,1370,15191.0000000005,0.312237241339132,0.02807773480591,11.201668071747,6.1631281614304,69.0373159479797,44.6659987588652,64.6983419699015,6.99049053005133,4.52273146850619
DYS Samguk Wei 2207 2600kv with Gemfan 6030R,22,7,2600,6,3,11.1,1000,1550,70.5454545454546,79.91508205,1388,15621.9999999998,0.33153820071789,0.029908580058981,11.191988658905,6.6524136209488,74.4537378000041,48.9284036261042,65.7165174937685,6.77598646486412,4.45294233055781
DYS Samguk Wei 2207 2600kv with Gemfan 6030R,22,7,2600,6,3,11.1,1000,1550,73.8181818181818,73.21432965,1406,16150,0.359401083212075,0.032416593571954,11.179611139297,7.3309934806824,81.9576563787506,54.8237225117971,66.8927406347985,6.55557606718038,4.3852044957359
DYS Samguk Wei 2207 2600kv with Gemfan 6030R,22,7,2600,6,3,11.1,1000,1550,77.0909090909091,66.51520655,1424,16567.9999999998,0.3772982988896,0.033786411745415,11.172176265717,7.7716156578064,86.8258599984193,58.6193197357808,67.5136644046462,6.43641551267099,4.34545996891329
DYS Samguk Wei 2207 2600kv with Gemfan 6030R,22,7,2600,6,3,11.1,1000,1550,80.3636363636364,59.7886644,1442,16952.0000000003,0.400049475880826,0.035541363152193,11.16288819313,8.3193598461151,92.8680838005981,63.0933580039783,67.9386883220821,6.34059572254184,4.30771756570097
DYS Samguk Wei 2207 2600kv with Gemfan 6030R,22,7,2600,6,3,11.1,1000,1550,83.6363636363636,53.0872236,1460,17396,0.423420582211581,0.037877971731625,11.152723388672,8.8951230716705,99.2048471265355,69.0024851927772,69.5555582125586,6.13630916377346,4.26814409251101
DYS Samguk Wei 2207 2600kv with Gemfan 6030R,22,7,2600,6,3,11.1,1000,1550,86.9090909090909,46.3873092,1478,17706.9999999999,0.444417349239455,0.038910790705983,11.143108234406,9.4337240791321,105.121008467291,72.151217093418,68.6363441003976,6.15952671545436,4.22767395137517
DYS Samguk Wei 2207 2600kv with Gemfan 6030R,22,7,2600,6,3,11.1,1000,1550,90.1818181818182,39.68700505,1496,18108.9999999998,0.461275280077091,0.04101436060041,11.135084037781,9.9172584152222,110.42950587789,77.7784048763903,70.4326296292547,5.9306343555152,4.17710173028535
DYS Samguk Wei 2207 2600kv with Gemfan 6030R,22,7,2600,6,3,11.1,1000,1550,93.4545454545455,32.9867183,1514,18444.9999999998,0.476159736173066,0.042510812354535,11.12726811409,10.367053117752,115.356979594239,82.1120097022524,71.1807902660733,5.79890490927791,4.12770634120213
DYS Samguk Wei 2207 2600kv with Gemfan 6030R,22,7,2600,6,3,11.1,1000,1550,96.7272727272727,26.28662355,1532,18800,0.495903793111521,0.044461852069485,11.116199798584,10.914054088593,121.322805861352,87.5334441046004,72.1492084551964,5.66530653722397,4.08747382316759
DYS Samguk Wei 2207 2600kv with Gemfan 6030R,22,7,2600,6,3,11.1,1000,1550,100,19.586556,1550,19033.0000000002,0.516610906196561,0.046063105062667,11.107731571198,11.372344398499,126.320948913744,91.8098072257731,72.679795406274,5.62696864100959,4.08966929586096
Hypertrain Blaster 2207 2450Kv Gemfan 5040R,22,7,2450,5,4,11.1,1000,1600,0,1.2407304,1000,0,0.000146706096245,0.000134744546209,11.141967277527,0.01424983647652,0.158771211731496,0,0,,
Hypertrain Blaster 2207 2450Kv Gemfan 5040R,22,7,2450,5,4,11.1,1000,1600,34.8333333333333,149.22783165,1209,8411.00000000002,0.078492933804495,0.009523407787586,11.115471153259,1.3399206292629,14.8938491022284,8.38819720217924,56.3198750343469,9.35754512114981,5.2701577185142
Hypertrain Blaster 2207 2450Kv Gemfan 5040R,22,7,2450,5,4,11.1,1000,1600,38.3333333333333,142.3560325,1230,9872.99999999999,0.109428026419583,0.012077418511249,11.104402246475,1.9596232950687,21.7604453200056,12.4868205625165,57.3831113237221,8.76348193455015,5.02875859433719
Hypertrain Blaster 2207 2450Kv Gemfan 5040R,22,7,2450,5,4,11.1,1000,1600,41.8333333333333,135.51938005,1251,11015.0000000005,0.133690867715418,0.014146657761616,11.094889039993,2.4952413439751,27.6844258394067,16.3180014201877,58.9428927110356,8.19284569677894,4.82910024903311
Hypertrain Blaster 2207 2450Kv Gemfan 5040R,22,7,2450,5,4,11.1,1000,1600,45.1666666666667,128.71562985,1271,12075.9999999999,0.162495877278826,0.016722435472517,11.083507108688,3.1391912269592,34.7932482795333,21.1471210426595,60.7793813120318,7.68406616442152,4.67032787434257
Hypertrain Blaster 2207 2450Kv Gemfan 5040R,22,7,2450,5,4,11.1,1000,1600,48.6666666666667,121.81482365,1292,12884,0.18513165086576,0.01898046780992,11.073646068573,3.6858016180992,40.8152625978042,25.6086241612794,62.7427646702367,7.22926970616722,4.53584367911721
Hypertrain Blaster 2207 2450Kv Gemfan 5040R,22,7,2450,5,4,11.1,1000,1600,52,114.9684903,1312,13712.0000000002,0.21222766208741,0.021235951958948,11.062739801407,4.3344521284103,47.9509160782579,30.4930704218394,63.5922583253121,6.95986527927378,4.42593550748948
Hypertrain Blaster 2207 2450Kv Gemfan 5040R,22,7,2450,5,4,11.1,1000,1600,55.5,108.1870802,1333,14447.9999999996,0.233017106418104,0.023116092750255,11.052990159988,4.8946992874146,54.1010630598938,34.9744407941339,64.6464945714923,6.66249698714803,4.30707075312248
Hypertrain Blaster 2207 2450Kv Gemfan 5040R,22,7,2450,5,4,11.1,1000,1600,58.8333333333333,101.42101135,1353,15152.0000000001,0.255685409635146,0.025436454819805,11.042310934067,5.5077528953552,60.8183200185199,40.3603720942504,66.362194947115,6.33506076301931,4.20408537357307
Hypertrain Blaster 2207 2450Kv Gemfan 5040R,22,7,2450,5,4,11.1,1000,1600,62.3333333333333,94.6579872,1374,15891.9999999997,0.281575918218841,0.027586583561554,11.029484148026,6.1897200870514,68.2694195808515,45.9097674927459,67.2479241432175,6.13324644398019,4.12448091616439
Hypertrain Blaster 2207 2450Kv Gemfan 5040R,22,7,2450,5,4,11.1,1000,1600,65.6666666666667,87.8855157,1394,16343,0.301109402812459,0.029360508421039,11.020137081146,6.6835219764709,73.6533283655612,50.2486004940883,68.2231225786444,5.99239381498564,4.08819817779276
Hypertrain Blaster 2207 2450Kv Gemfan 5040R,22,7,2450,5,4,11.1,1000,1600,69.1666666666667,81.10509195,1415,16932.0000000002,0.321755148828061,0.031134635411456,11.010323352814,7.2723071956635,80.0704537452511,55.2052857575393,68.9458884961214,5.82833952243639,4.01840046831436
Hypertrain Blaster 2207 2450Kv Gemfan 5040R,22,7,2450,5,4,11.1,1000,1600,72.6666666666667,74.37232715,1436,17438.9999999996,0.343279288486394,0.032914575255057,11.000124559402,7.8296406602859,86.1270225185034,60.1088543782039,69.7909350869412,5.7109604240082,3.98573268236046
Hypertrain Blaster 2207 2450Kv Gemfan 5040R,22,7,2450,5,4,11.1,1000,1600,76,67.64609335,1456,17895.9999999997,0.363520970041727,0.034697952932723,10.990319881439,8.3785938262939,92.0834263076199,65.0262100588632,70.6166274065785,5.59037609161997,3.94773505524572
Hypertrain Blaster 2207 2450Kv Gemfan 5040R,22,7,2450,5,4,11.1,1000,1600,79.5,60.89882835,1477,18355.0000000004,0.38378875857923,0.036332689464455,10.980654811859,8.9206892681122,97.9550095369952,69.8361925559788,71.294151147628,5.49555673831438,3.91801052741751
Hypertrain Blaster 2207 2450Kv Gemfan 5040R,22,7,2450,5,4,11.1,1000,1600,82.8333333333334,54.19283645,1497,18739,0.401253456747177,0.03760245406415,10.972990312576,9.3783135890961,102.908144161451,73.7889309854542,71.703684471938,5.43785431484669,3.89914189996134
Hypertrain Blaster 2207 2450Kv Gemfan 5040R,22,7,2450,5,4,11.1,1000,1600,86.3333333333333,47.4435853,1518,19151,0.415492610283298,0.038844479870166,10.965011711121,9.8330877780914,107.819922643253,77.9021394227152,72.2520824657539,5.33351989255055,3.85357919109301
Hypertrain Blaster 2207 2450Kv Gemfan 5040R,22,7,2450,5,4,11.1,1000,1600,89.6666666666667,40.70018005,1538,19537.0000000001,0.427335606700637,0.03991630286472,10.958353395462,10.215476779938,111.944804657697,81.6651574369427,72.9512706611595,5.23277760200979,3.81737775153869
Hypertrain Blaster 2207 2450Kv Gemfan 5040R,22,7,2450,5,4,11.1,1000,1600,93.1666666666667,33.9527209,1559,19894.9999999997,0.441182951961312,0.041382837895297,10.950132894516,10.676167173386,116.905449352646,86.2169849427323,73.749329411205,5.11712340966641,3.77384419977277
Hypertrain Blaster 2207 2450Kv Gemfan 5040R,22,7,2450,5,4,11.1,1000,1600,96.5,27.21771005,1579,20192.0000000003,0.45803984397002,0.042950192381744,10.94142539978,11.167476596832,122.188112088026,90.8182374278547,74.3265738997814,5.04347867721926,3.74864490614309
Hypertrain Blaster 2207 2450Kv Gemfan 5040R,22,7,2450,5,4,11.1,1000,1600,100,20.49321535,1600,20451.0000000004,0.470792488900664,0.043805333184123,10.936121902466,11.510653533936,125.881910224175,93.8145402570844,74.5258314638028,5.01833178109204,3.7399534854711
Gemfan M2306L 2200kv with Gemfan 6030R,23,6,2200,6,3,11.1,1000,1570,0,1.3362997999991,1000,0,4.23850861703232E-05,5.3151685981385E-05,11.304628696442,0.014719920204952,0.166403232358237,0,0,,
Gemfan M2306L 2200kv with Gemfan 6030R,23,6,2200,6,3,11.1,1000,1570,36.3157894736842,151.2943527,1207,6612,0.049136906562773,0.004214369476845,11.29290271759,0.6362279343605,7.18486016894636,2.91805901422809,40.6139986807289,16.8389009006288,6.8389509896306
Gemfan M2306L 2200kv with Gemfan 6030R,23,6,2200,6,3,11.1,1000,1570,39.6491228070175,144.32587575,1226,7613,0.066584772706363,0.007287916290149,11.289525375366,0.8606979739666,9.71687161762204,5.81015640472091,59.7945165209747,11.4600654557699,6.85249073226487
Gemfan M2306L 2200kv with Gemfan 6030R,23,6,2200,6,3,11.1,1000,1570,42.9824561403509,137.33985015,1245,8574.99999999998,0.086057943323734,0.008861684312638,11.283933172226,1.1404546380043,12.8688139211957,7.9575435007582,61.835873527176,10.8146368682163,6.68732517625356
Gemfan M2306L 2200kv with Gemfan 6030R,23,6,2200,6,3,11.1,1000,1570,46.4912280701754,130.2999295,1265,9356.00000000003,0.104972034304018,0.010444263292034,11.279297294617,1.4339340555668,16.1737685136138,10.2328508163111,63.2681913785143,10.2583372110432,6.4902644189362
Gemfan M2306L 2200kv with Gemfan 6030R,23,6,2200,6,3,11.1,1000,1570,49.8245614035088,123.41915875,1284,9954.00000000007,0.12096549282493,0.011573165422089,11.274857034683,1.6910177099705,19.0659829230344,12.0636412933526,63.2731149610862,10.0272786535509,6.34457154992971
Gemfan M2306L 2200kv with Gemfan 6030R,23,6,2200,6,3,11.1,1000,1570,53.1578947368421,116.4670721,1303,10693.9999999996,0.141904622125527,0.013271902335076,11.269587039948,2.0283151614666,22.858274256594,14.8628458965873,65.0217323046587,9.54760771341311,6.20801992891441
Gemfan M2306L 2200kv with Gemfan 6030R,23,6,2200,6,3,11.1,1000,1570,56.4912280701754,109.58393425,1322,11231,0.158599662945491,0.014553654715587,11.264195108414,2.3172600197792,26.1020689797202,17.1166634785136,65.5758878417351,9.26580481906298,6.07613377578282
Gemfan M2306L 2200kv with Gemfan 6030R,23,6,2200,6,3,11.1,1000,1570,59.8245614035088,102.7734335,1341,11829.0000000004,0.177054791279509,0.016206032902777,11.258877010345,2.6507154679298,29.8440794428407,20.0748988671864,67.2659342890274,8.81971024864867,5.93266050033864
Gemfan M2306L 2200kv with Gemfan 6030R,23,6,2200,6,3,11.1,1000,1570,63.1578947368421,95.974833600001,1360,12269.9999999998,0.192893207507895,0.017288727283913,11.254334316254,2.9369094872475,33.0529612260615,22.2144826976485,67.2087518746517,8.68321851709443,5.8358827878878
Gemfan M2306L 2200kv with Gemfan 6030R,23,6,2200,6,3,11.1,1000,1570,66.4912280701754,89.173454000001,1379,12709.0000000004,0.208880690152244,0.018577627548261,11.249480991364,3.2279867434502,36.313175510818,24.7246555174572,68.0872855916759,8.44827504289233,5.75220115602438
Gemfan M2306L 2200kv with Gemfan 6030R,23,6,2200,6,3,11.1,1000,1570,69.8245614035088,82.354504400001,1398,13225,0.226483655328772,0.020045209181315,11.243529872894,3.5674854683876,40.1111294349312,27.7609862725433,69.2101834668542,8.15834326292554,5.64640434012651
Gemfan M2306L 2200kv with Gemfan 6030R,23,6,2200,6,3,11.1,1000,1570,73.1578947368421,75.564247650002,1417,13618.9999999996,0.242043631157174,0.021241444976286,11.23853228569,3.8622423696518,43.4059355664916,30.2940888411486,69.7925029049136,7.98979736364954,5.57627955712182
Gemfan M2306L 2200kv with Gemfan 6030R,23,6,2200,6,3,11.1,1000,1570,76.4912280701754,68.732917900001,1436,13998,0.255866323266753,0.022399021577161,11.233642301559,4.1373168945313,46.4771380813615,32.8339895226149,70.6454632923755,7.79272720089408,5.50520823418259
Gemfan M2306L 2200kv with Gemfan 6030R,23,6,2200,6,3,11.1,1000,1570,79.8245614035088,61.930788450001,1455,14354.9999999998,0.271587453558228,0.023690441714684,11.228062314987,4.4516026687622,49.9828721664244,35.6127058960741,71.2498188929541,7.62613923105931,5.43361039065428
Gemfan M2306L 2200kv with Gemfan 6030R,23,6,2200,6,3,11.1,1000,1570,83.3333333333333,55.135375700001,1475,14761.9999999998,0.28593892768089,0.024842050068907,11.22299955368,4.74792345047,53.2859427655316,38.4026550891206,72.0690168851844,7.44581141635427,5.36612308689135
Gemfan M2306L 2200kv with Gemfan 6030R,23,6,2200,6,3,11.1,1000,1570,86.6666666666667,48.332945250002,1494,15117,0.303239659507222,0.02627020898137,11.217386331558,5.0957184648514,57.1606426570918,41.5870159246925,72.7546332433212,7.2916907540647,5.30504286535694
Gemfan M2306L 2200kv with Gemfan 6030R,23,6,2200,6,3,11.1,1000,1570,90,41.510118450001,1513,15396.0000000002,0.318076165862185,0.027192920733047,11.212607307434,5.3588160848618,60.0863003923163,43.8422038583561,72.9653907331638,7.25502228149422,5.29365535547035
Gemfan M2306L 2200kv with Gemfan 6030R,23,6,2200,6,3,11.1,1000,1570,93.3333333333333,34.680427650002,1532,15647.9999999997,0.330465334914594,0.028346904198955,11.208372421265,5.6218499660492,63.0117881159554,46.4507885929669,73.71761694413,7.11431054078229,5.24450019266975
Gemfan M2306L 2200kv with Gemfan 6030R,23,6,2200,6,3,11.1,1000,1570,96.6666666666667,27.824181650001,1551,15947.9999999997,0.346812509055957,0.029540754660839,11.202658014297,5.9364879322052,66.504444110496,49.3351474752322,74.1832341208096,7.02972478657467,5.21487719647327
Gemfan M2306L 2200kv with Gemfan 6030R,23,6,2200,6,3,11.1,1000,1570,100,20.945003650001,1570,16173.0000000004,0.357326018568737,0.030217186137967,11.198344488144,6.1671085929871,69.0614065200626,51.1768115099403,74.1033438047244,6.9821860335971,5.17403332156191
EMAX RSII 2207 2300Kv Gemfan 5040R,22,7,2300,5,4,11.1,1000,1569,0,1.2564051,1000,0,0.000444983252634,8.7620040556722E-05,11.147148246765,0.016372468452901,0.182506333009971,0,0,,
EMAX RSII 2207 2300Kv Gemfan 5040R,22,7,2300,5,4,11.1,1000,1569,29.1739894551845,150.56313525,1166,4755.99999999998,0.026063482460941,0.00400867633217,11.139004411697,0.41996765941381,4.67802161098049,1.99650984395228,42.6785083520344,13.0545223906065,5.57147542879318
EMAX RSII 2207 2300Kv Gemfan 5040R,22,7,2300,5,4,11.1,1000,1569,32.8646748681898,143.57168025,1187,6480.00000000005,0.04815534284857,0.00590408097167,11.133746051788,0.73452567398548,8.17802232267276,4.00641495986855,48.9900223035728,12.0195594642423,5.88838486232353
EMAX RSII 2207 2300Kv Gemfan 5040R,22,7,2300,5,4,11.1,1000,1569,36.5553602811951,136.6253982,1208,8154.00000000004,0.076633449285764,0.009216776129252,11.125131015778,1.1952276957035,13.2970647083879,7.87006580902785,59.1864895119549,9.73733271681884,5.76318540718415
EMAX RSII 2207 2300Kv Gemfan 5040R,22,7,2300,5,4,11.1,1000,1569,40.4217926186292,129.72041895,1230,9449.99999999996,0.102882916661816,0.01149067067483,11.114540529251,1.6953268182278,18.842778631519,11.3711870717126,60.3477188480662,9.04768482067731,5.46007139784151
EMAX RSII 2207 2300Kv Gemfan 5040R,22,7,2300,5,4,11.1,1000,1569,44.1124780316344,122.802225,1251,10467.0000000002,0.125925270498142,0.013553937265903,11.106832790375,2.1636618614197,24.0314305097001,14.8564933649066,61.8210944991803,8.47610990057704,5.2400239114901
EMAX RSII 2207 2300Kv Gemfan 5040R,22,7,2300,5,4,11.1,1000,1569,47.8031634446397,115.9228916,1272,11511,0.153955344902204,0.015966650524709,11.096028375626,2.7295726919174,30.2874160428493,19.2466651908935,63.5467388953357,7.99906598754822,5.08314557717287
EMAX RSII 2207 2300Kv Gemfan 5040R,22,7,2300,5,4,11.1,1000,1569,51.493848857645,109.1415469,1293,12385.0000000001,0.178105468261527,0.018113820860723,11.086899023056,3.2632537317276,36.1793646102746,23.4927954484501,64.9342400053603,7.58128033985316,4.92284677135946
EMAX RSII 2207 2300Kv Gemfan 5040R,22,7,2300,5,4,11.1,1000,1569,55.1845342706503,102.296153,1314,13096.0000000003,0.197345185335053,0.019953676056093,11.078278913498,3.7348905420303,41.3761591359974,27.3646691450565,66.1363203266713,7.21167810540492,4.76953853271901
EMAX RSII 2207 2300Kv Gemfan 5040R,22,7,2300,5,4,11.1,1000,1569,59.0509666080844,95.38396185,1336,13905.0000000003,0.221535718920477,0.021954486169324,11.068215608597,4.3329793071747,47.9583491993988,31.9685463165488,66.6589798235789,6.92980271066619,4.6193357907168
EMAX RSII 2207 2300Kv Gemfan 5040R,22,7,2300,5,4,11.1,1000,1569,62.7416520210896,88.56731495,1357,14546.0000000003,0.240216207943018,0.023692956265688,11.059949989319,4.8272597503662,53.3892514245027,36.0903799305511,67.5985876700035,6.65596229259065,4.49933650563927
EMAX RSII 2207 2300Kv Gemfan 5040R,22,7,2300,5,4,11.1,1000,1569,66.4323374340949,81.75285895,1378,15054.0000000004,0.259689807334594,0.025577513129591,11.052291269302,5.2860460662842,58.422920787521,40.3217011017319,69.0169210272426,6.44044770530379,4.44499870657037
EMAX RSII 2207 2300Kv Gemfan 5040R,22,7,2300,5,4,11.1,1000,1569,70.1230228471002,74.93893675,1399,15626.9999999998,0.280281768035364,0.027528009826855,11.043248710632,5.7965676689148,64.0129384358345,45.0483662028929,70.3738452001366,6.22179651916798,4.37851745106677
EMAX RSII 2207 2300Kv Gemfan 5040R,22,7,2300,5,4,11.1,1000,1569,73.9894551845343,68.13181735,1421,16153.0000000003,0.300258783458286,0.029038873374734,11.034161863327,6.290653963089,69.4120940549035,49.1203637274875,70.7662899330401,6.11271498566414,4.32574160953548
EMAX RSII 2207 2300Kv Gemfan 5040R,22,7,2300,5,4,11.1,1000,1569,77.6801405975395,61.3231034,1442,16540.0000000003,0.315360211791346,0.030441913813669,11.026046199799,6.6962999200821,73.8337122865356,52.7273658294284,71.4136729639203,5.98095897321189,4.27122248123578
EMAX RSII 2207 2300Kv Gemfan 5040R,22,7,2300,5,4,11.1,1000,1569,81.3708260105448,54.512137,1463,17024.0000000001,0.334411648277659,0.031947668229492,11.017368450165,7.1696683740616,78.9908781425321,56.9546771396688,72.1028534926515,5.87153970617001,4.23354767210263
EMAX RSII 2207 2300Kv Gemfan 5040R,22,7,2300,5,4,11.1,1000,1569,85.0615114235501,47.73462455,1484,17455.0000000004,0.349113206876956,0.033000852092308,11.010565509796,7.5772286558151,83.4295724975557,60.3217072705738,72.3025486824125,5.78752198294064,4.18452589922098
EMAX RSII 2207 2300Kv Gemfan 5040R,22,7,2300,5,4,11.1,1000,1569,88.7521968365554,40.88355135,1505,17775.0000000005,0.3622105631849,0.034410713282377,11.004249286652,7.9243943071365,87.202010401456,64.0518831012266,73.4523009347467,5.65495572725736,4.15369509851177
EMAX RSII 2207 2300Kv Gemfan 5040R,22,7,2300,5,4,11.1,1000,1569,92.6186291739895,34.0781767,1527,18112.0000000002,0.379387835063584,0.035628914117895,10.996848039627,8.3584469509125,91.9165709664684,67.5767986389969,73.5197124179592,5.61417295143438,4.12752380854141
EMAX RSII 2207 2300Kv Gemfan 5040R,22,7,2300,5,4,11.1,1000,1569,96.3093145869947,27.26595125,1548,18462.0000000004,0.392936901132436,0.036797630898869,10.990848026276,8.6995705223083,95.615657504561,71.1421889111204,74.4043295500287,5.52326133264386,4.10954556384964
EMAX RSII 2207 2300Kv Gemfan 5040R,22,7,2300,5,4,11.1,1000,1569,100,20.4724819,1569,18742.0000000004,0.406650304175616,0.037936569662951,10.984384050369,9.0680220794678,99.6066370981,74.4564986809226,74.7505395725711,5.46158241899452,4.08256232739909
HGLRC HF1407 3600kv HQ 3040 - No cool,14,7,3600,3,4,16,1000,2000,0,1.2365578999997,1000,0,-0.000808644014331,2.1697271243197E-06,15.978106622696,-0.003806183583802,0.060815607127537,0,0,,
HGLRC HF1407 3600kv HQ 3040 - No cool,14,7,3600,3,4,16,1000,2000,19.8,72.57491475,1198,9538.99999999996,0.028257159368828,0.00444120168664,15.52025103569,0.49724119454622,7.7173081646437,4.43641293465822,57.4865333871638,6.36937088251574,3.66153051892971
HGLRC HF1407 3600kv HQ 3040 - No cool,14,7,3600,3,4,16,1000,2000,27.8,68.91634555,1278,13150.9999999996,0.056434347879247,0.007177637526969,15.475880861282,1.103641512394,17.0798245593746,9.8848234811722,57.8742682444399,5.70919126545241,3.30415266755607
HGLRC HF1407 3600kv HQ 3040 - No cool,14,7,3600,3,4,16,1000,2000,31.8,65.2499676,1318,14755.0000000002,0.073564540979899,0.009056249150274,15.440650424957,1.5294967365265,23.6164244348182,13.9931726924272,59.2518682540137,5.2571738087468,3.11497369904317
HGLRC HF1407 3600kv HQ 3040 - No cool,14,7,3600,3,4,16,1000,2000,35.8,61.50507665,1358,16490.0000000001,0.092166178447414,0.010899254130507,15.392862405777,2.0712087774277,31.8818317245822,18.8211455160697,59.0340783385977,4.8969484013989,2.89086835548254
HGLRC HF1407 3600kv HQ 3040 - No cool,14,7,3600,3,4,16,1000,2000,43.8,57.76699005,1438,19291.0000000004,0.127969792808023,0.01447407780542,15.31617726326,3.278049993515,50.207194778504,29.2397908520235,58.2382484841443,4.37656320647613,2.5488337552532
HGLRC HF1407 3600kv HQ 3040 - No cool,14,7,3600,3,4,16,1000,2000,47.8,54.03118085,1478,20570.9999999998,0.144857123979912,0.016293769179878,15.26608923912,3.9294001150131,59.9865728119984,35.0998759749209,58.5128876839256,4.12699817182867,2.41482580499977
HGLRC HF1407 3600kv HQ 3040 - No cool,14,7,3600,3,4,16,1000,2000,55.8,50.1580944,1558,22976,0.184343507271137,0.019955399247656,15.174004745483,5.5191136264801,83.7470563590689,48.0135106296396,57.331580018502,3.83940905077953,2.20119387218527
HGLRC HF1407 3600kv HQ 3040 - No cool,14,7,3600,3,4,16,1000,2000,59.8,46.4521114,1598,24053.0000000002,0.202770093377066,0.021897908068077,15.119836587906,6.3395677185059,95.8532279417733,55.1569823017625,57.5431662408573,3.67623617020444,2.11542269082727
HGLRC HF1407 3600kv HQ 3040 - No cool,14,7,3600,3,4,16,1000,2000,63.8,42.74332875,1638,25146.0000000003,0.222584947949126,0.024522795029542,15.061285190582,7.3209045934677,110.262231935259,64.5754583377722,58.5653466326422,3.44689691221176,2.01868712470666
HGLRC HF1407 3600kv HQ 3040 - No cool,14,7,3600,3,4,16,1000,2000,67.8,39.08659065,1678,26292.0000000001,0.24495020001864,0.027210932277864,14.997979793549,8.3943808841705,125.898754880143,74.9196367547017,59.5078456701387,3.26950597505758,1.94561256981322
HGLRC HF1407 3600kv HQ 3040 - No cool,14,7,3600,3,4,16,1000,2000,71.8,35.4724271,1718,27396,0.265994105419425,0.028749574056336,14.924153909683,9.5627122879028,142.715389978678,82.4797223328685,57.793152052621,3.22496363828597,1.86380813911636
HGLRC HF1407 3600kv HQ 3040 - No cool,14,7,3600,3,4,16,1000,2000,79.8,31.8540606,1798,29317.0000000003,0.30598846586761,0.033098941735593,14.807004795074,11.845792970657,175.400713317972,101.616036969092,57.9336509224336,3.01122219478683,1.74451095482664
HGLRC HF1407 3600kv HQ 3040 - No cool,14,7,3600,3,4,16,1000,2000,83.8,28.20729085,1838,30371.0000000001,0.331364187788042,0.03583263388098,14.754159450531,13.065471401215,192.770048349879,113.963674062669,59.1189736363113,2.90762991377254,1.71896096216469
HGLRC HF1407 3600kv HQ 3040 - No cool,14,7,3600,3,4,16,1000,2000,87.8,24.57964665,1878,31378.0000000002,0.356573690217577,0.038167393652402,14.696850919724,14.596265563965,214.519138978295,125.414104306055,58.462897484753,2.84317056833903,1.66219989468471
HGLRC HF1407 3600kv HQ 3040 - No cool,14,7,3600,3,4,16,1000,2000,91.8,20.9839764,1918,32468.9999999997,0.382026359392647,0.041448852223924,14.666121492386,16.224286556244,237.947357761159,140.932137860307,59.2282844349832,2.71071144731597,1.60550788622796
HGLRC HF1407 3600kv HQ 3040 - No cool,14,7,3600,3,4,16,1000,2000,95.8,17.42338715,1958,33729.9999999998,0.412616486433145,0.044681674776707,14.678608913422,18.041856803894,264.829360096322,157.824492801345,59.5947869012492,2.61440083924432,1.55804660889212
Lumenier ZIP 2207 1750kv POPO Gemfan Hurricane,22,7,1750,5.1,4.3,14.8,1000,2000,0,1.8828199499998,1000,0,0.00043970592831,0.00015119666055,14.740651950836,0.006601339571935,0.09730804903917,0,0,,
Lumenier ZIP 2207 1750kv POPO Gemfan Hurricane,22,7,1750,5.1,4.3,14.8,1000,2000,23.7,84.33345075,1237,6762.00000000001,0.061246956407114,0.000592241661442,14.738542108536,1.0345283448696,15.2474395733347,0.419375194686709,2.75046307066617,146.043345393539,4.01686828221472
Lumenier ZIP 2207 1750kv POPO Gemfan Hurricane,22,7,1750,5.1,4.3,14.8,1000,2000,30.7,77.5501415,1307,9312.99999999999,0.11890846116626,0.009659678784004,14.7374929142,2.400247323513,35.3736279226004,9.42065079975651,26.6318479415497,12.6221068685969,3.36150030826464
Lumenier ZIP 2207 1750kv POPO Gemfan Hurricane,22,7,1750,5.1,4.3,14.8,1000,2000,37.6,70.83793375,1376,11239.0000000004,0.174629416530507,0.018462649989644,14.735731687546,3.8685202002525,57.0054756987726,21.7295296439317,38.118319999213,8.03650237221195,3.0633796909841
Lumenier ZIP 2207 1750kv POPO Gemfan Hurricane,22,7,1750,5.1,4.3,14.8,1000,2000,44.6,63.8854312,1446,12783.9999999997,0.232571909498616,0.026816761190406,14.734357995987,5.4960690975189,80.9810496535247,35.9005997968697,44.3320998560398,6.47821793548125,2.87193004404943
Lumenier ZIP 2207 1750kv POPO Gemfan Hurricane,22,7,1750,5.1,4.3,14.8,1000,2000,51.5,57.04876135,1515,14124.0000000002,0.284878298075122,0.034042422282421,14.733239116669,7.0611116409302,104.03304623532,50.3508471028451,48.3988972013306,5.65786505027887,2.73834428947448
Lumenier ZIP 2207 1750kv POPO Gemfan Hurricane,22,7,1750,5.1,4.3,14.8,1000,2000,58.4,50.4723576,1584,15233.0000000002,0.336391122860243,0.040778769552525,14.731622266769,8.6423924827576,127.316461537149,65.0501312877806,51.0932604491211,5.17125970694901,2.64216519057192
Lumenier ZIP 2207 1750kv POPO Gemfan Hurricane,22,7,1750,5.1,4.3,14.8,1000,2000,65.4,44.0767952,1654,16226,0.38675011722681,0.047530040134741,14.729607048035,10.238817539215,150.813758989166,80.7622241408076,53.5509655631682,4.78875020272495,2.56442197196739
Lumenier ZIP 2207 1750kv POPO Gemfan Hurricane,22,7,1750,5.1,4.3,14.8,1000,2000,72.3,37.68415755,1723,17569,0.462912284567156,0.058287791925548,14.727688770294,12.814629898071,188.729880845294,107.239125643395,56.8214874947659,4.3166361324736,2.45277686020803
Lumenier ZIP 2207 1750kv POPO Gemfan Hurricane,22,7,1750,5.1,4.3,14.8,1000,2000,79.3,31.1581335,1793,19252.0000000001,0.556607514727894,0.071862783019642,14.723983383179,16.404991502762,241.54682228786,144.880021926738,59.9800984978719,3.84185139762992,2.3043462524403
Lumenier ZIP 2207 1750kv POPO Gemfan Hurricane,22,7,1750,5.1,4.3,14.8,1000,2000,86.2,24.62214325,1862,20373.9999999995,0.623306889158,0.081558533351429,14.721224603653,19.231274967194,283.107918206672,174.010048135141,61.4642109755867,3.58201664695779,2.20165826906678
QAV 2206 2000Kv With 6045 Plastic,22,6,2000,6,4.5,14.8,1000,1700,0,30.34349975,1000,0,-0.000189263469333,7.9660923977533E-05,14.701946249342,0.015692043073662,0.230703573811338,0,0,,
QAV 2206 2000Kv With 6045 Plastic,22,6,2000,6,4.5,14.8,1000,1700,27.4285714285714,48.88574305,1192,2929.99999999997,0.020303387996125,0.003340629886542,14.701632196341,0.42013266418316,6.17663590248967,1.02500173493591,16.5948220215272,19.8081498831752,3.28712721887027
QAV 2206 2000Kv With 6045 Plastic,22,6,2000,6,4.5,14.8,1000,1700,35.4285714285714,68.17430335,1248,4920.00000000004,0.060281701457465,0.009021551645017,14.700880217683,1.1434989138301,16.8104405612669,4.64809462100241,27.6500464343101,12.9691209781062,3.58596797256823
QAV 2206 2000Kv With 6045 Plastic,22,6,2000,6,4.5,14.8,1000,1700,43.2857142857143,88.69201155,1303,6651.00000000003,0.110432674334212,0.017748233939384,14.700402460787,2.1291107689025,31.2987851864624,12.3614868251045,39.4951010125825,8.93360773640418,3.52833739956071
QAV 2206 2000Kv With 6045 Plastic,22,6,2000,6,4.5,14.8,1000,1700,51.2857142857143,110.1164536,1359,7968.00000000001,0.160008358772129,0.025321060013747,14.698598979426,3.3525933153567,49.2784246835324,21.1280699455501,42.874889124876,7.57325961076864,3.24702666125608
QAV 2206 2000Kv With 6045 Plastic,22,6,2000,6,4.5,14.8,1000,1700,59.2857142857143,132.6811122,1415,9300.00000000004,0.219176486816038,0.034635696087807,14.697126182447,4.7800212960558,70.2525761429159,33.7314869982413,48.0145908523281,6.49768232356508,3.11983558254381
QAV 2206 2000Kv With 6045 Plastic,22,6,2000,6,4.5,14.8,1000,1700,67.1428571428571,156.4263202,1470,10198.9999999999,0.265528068970688,0.041315068665217,14.696112487501,5.9638483623333,87.6453863912488,44.1260130045354,50.3460761842694,6.01749514381453,3.02957268948957
QAV 2206 2000Kv With 6045 Plastic,22,6,2000,6,4.5,14.8,1000,1700,75.1428571428571,181.21209465,1526,11221,0.320054796483519,0.048475269037979,14.693699284562,7.4169641905354,108.982641420092,56.9613676781512,52.2664590763441,5.61880463074419,2.93675022290764
QAV 2206 2000Kv With 6045 Plastic,22,6,2000,6,4.5,14.8,1000,1700,83.1428571428571,207.1522258,1582,12365.9999999999,0.390146868801793,0.057917923781316,14.693015889733,9.8156486047926,144.221480918253,75.0016547361448,52.0044963195578,5.20184348164485,2.70519250196116
QAV 2206 2000Kv With 6045 Plastic,22,6,2000,6,4.5,14.8,1000,1700,91,234.2316716,1637,13312.9999999997,0.453058289765057,0.066377923008166,14.689745472094,12.410954289028,182.313759571615,92.539725946752,50.7584979675665,4.89582484851696,2.48504715623009
QAV 2206 2000Kv With 6045 Plastic,22,6,2000,6,4.5,14.8,1000,1700,99,262.42355515,1693,14230.0000000004,0.515071832637608,0.073157113666009,14.686605167455,15.50659714924,227.739269821671,109.015959253645,47.868757697787,4.72473788392029,2.26167332950935
