,Rotation speed (rpm),Torque (Nâ‹…m),Thrust (kgf),Propeller diameter [in],Propeller pitch [in]
0,0.0,-4.87252533476e-05,0.000708670170653,6.0,3.0
1,17705.00000000023,0.036526526949165,0.4376014572252197,6.0,3.0
2,17424.00000000046,0.035125639291889,0.4204937527635431,6.0,3.0
3,17065.00000000006,0.033782863391135,0.4018754372558825,6.0,3.0
4,16768.00000000043,0.032450401143455,0.3847175040775698,6.0,3.0
5,16440.99999999975,0.03140383977104,0.3705995968800253,6.0,3.0
6,16022.99999999992,0.029645064783806,0.3501140059594969,6.0,3.0
7,15630.999999999982,0.028204971813737,0.334187704685749,6.0,3.0
8,15286.999999999627,0.026971353549837,0.31575623944246,6.0,3.0
9,14818.999999999638,0.024826942307061,0.2925283769086997,6.0,3.0
10,14388.000000000337,0.023375828758997,0.2753221658309209,6.0,3.0
11,14027.000000000313,0.021876861192259,0.2573581906740426,6.0,3.0
12,13397.999999999984,0.020232775078584,0.2372655458103226,6.0,3.0
13,12909.999999999927,0.01845733564176,0.2155299367526117,6.0,3.0
14,12395.999999999976,0.016921165736779,0.1962555862862751,6.0,3.0
15,11654.999999999667,0.015003964438049,0.171477272164521,6.0,3.0
16,10797.00000000032,0.012715227030938,0.1465243958793268,6.0,3.0
17,10300.999999999854,0.011588250654506,0.1322476301579744,6.0,3.0
18,9280.999999999978,0.0092561434901003,0.1055859825024039,6.0,3.0
19,8428.99999999998,0.007581040194257,0.0853546102613257,6.0,3.0
20,7374.999999999993,0.0058623199948274,0.0633398699745162,6.0,3.0
0,0.0,5.8397311573e-05,0.0003657621359114,6.0,3.0
1,18926.000000000186,0.04425816530865,0.5061803657868079,6.0,3.0
2,18647.00000000004,0.042575357702426,0.4870604235242922,6.0,3.0
3,18336.00000000017,0.040763965265623,0.4643333226003783,6.0,3.0
4,17953.000000000462,0.039306945019675,0.4448999275952747,6.0,3.0
5,17538.99999999988,0.03704356621398,0.4242281392175819,6.0,3.0
6,17120.000000000236,0.034888007571051,0.4009757958292485,6.0,3.0
7,16811.999999999807,0.033673715787481,0.3824490341901567,6.0,3.0
8,16283.999999999622,0.031745114710401,0.3606330251415723,6.0,3.0
9,15863.000000000353,0.029639915402545,0.3363341616336567,6.0,3.0
10,15362.999999999683,0.027367764173277,0.3134586588000184,6.0,3.0
11,14886.000000000427,0.026039875475277,0.2936532918013695,6.0,3.0
12,14313.000000000096,0.023776133146398,0.2713567985275502,6.0,3.0
13,13721.000000000462,0.021671970625241,0.2452040637974027,6.0,3.0
14,13250.000000000076,0.019853043403669,0.2250511846014694,6.0,3.0
15,12563.000000000136,0.017596696593424,0.2000147413916067,6.0,3.0
16,11785.999999999904,0.015697803897001,0.1744478133714061,6.0,3.0
17,10912.99999999955,0.01321164273321,0.1496439783492222,6.0,3.0
18,10096.999999999956,0.011263157251594,0.1242235774654035,6.0,3.0
19,9217.999999999964,0.0094628150819031,0.1019985648240122,6.0,3.0
20,8002.000000000025,0.0073510187873678,0.0744082655986376,6.0,3.0
0,0.0,-0.0001267250076108,-0.0007019590085664,6.0,3.0
1,15630.999999999982,0.028204562119337,0.3325842476107437,6.0,3.0
2,15360.00000000025,0.027062498685487,0.317132391510781,6.0,3.0
3,15096.999999999967,0.026198425533913,0.3051475891312834,6.0,3.0
4,14803.999999999589,0.025116351181972,0.2919680788151714,6.0,3.0
5,14474.000000000426,0.024154608549368,0.2791688491604677,6.0,3.0
6,14184.000000000438,0.022961614172372,0.2650798035281161,6.0,3.0
7,13850.000000000116,0.022096047316794,0.2545355992084453,6.0,3.0
8,13489.000000000093,0.020948947877522,0.2392262738481541,6.0,3.0
9,13142.0000000003,0.019677473071465,0.2244693193026772,6.0,3.0
10,12773.999999999678,0.018690536119908,0.2115190057302238,6.0,3.0
11,12321.999999999549,0.017523006578684,0.196603679341559,6.0,3.0
12,11876.000000000196,0.016332365653023,0.1806845864396812,6.0,3.0
13,11371.000000000466,0.014876765471408,0.1637797944579851,6.0,3.0
14,10820.999999999633,0.01326035581804,0.1455718080458974,6.0,3.0
15,10337.999999999594,0.012327345837053,0.1319250422093987,6.0,3.0
16,9741.999999999756,0.010986373814439,0.1150870331051582,6.0,3.0
17,9119.000000000024,0.009788665549161,0.1000772403685499,6.0,3.0
18,8308.99999999997,0.0082105547422629,0.0811120566965171,6.0,3.0
19,7564.000000000034,0.0068509695973278,0.0658206443421158,6.0,3.0
20,6498.000000000008,0.0047892555974107,0.0471951140281176,6.0,3.0
0,4005.000000000025,0.0019446442421265,0.0173842865459958,6.0,3.0
1,6035.000000000032,0.0040145158553968,0.0413717588469956,6.0,3.0
2,7560.00000000002,0.0062537145374495,0.066732252425137,6.0,3.0
3,8746.999999999962,0.0081855097881852,0.0912317064204106,6.0,3.0
4,9962.000000000471,0.010740818213463,0.1228490867423432,6.0,3.0
5,11118.000000000216,0.013046838544813,0.1529921733535203,6.0,3.0
6,12085.000000000113,0.01541849514112,0.183948647268323,6.0,3.0
7,12879.99999999983,0.017576607239513,0.2122120265103985,6.0,3.0
8,13687.999999999973,0.019835293567934,0.2414914024755038,6.0,3.0
9,14278.99999999979,0.022066077564031,0.269588926895474,6.0,3.0
10,14868.9999999998,0.024072995454823,0.2977527859167402,6.0,3.0
11,15568.000000000353,0.026022507725067,0.3232003684840491,6.0,3.0
12,16049.999999999627,0.028436215339246,0.3529903280951089,6.0,3.0
13,16658.999999999884,0.030435842374893,0.3780142456112332,6.0,3.0
14,17130.00000000027,0.032573706723669,0.4072863603320298,6.0,3.0
15,17623.000000000346,0.034514739913075,0.4326855183205274,6.0,3.0
16,17990.000000000196,0.035752792606645,0.4495235442370942,6.0,3.0
17,18376.00000000031,0.037611445636223,0.4742682801107921,6.0,3.0
18,18810.99999999981,0.039457551445563,0.4946330573781261,6.0,3.0
19,19174.00000000042,0.041289247245569,0.519305005761937,6.0,3.0
20,0.0,-2.83113900218e-05,0.0002551612648041,6.0,3.0
0,3615.0,0.0016345108937648,0.0103413379293846,6.0,3.0
1,7531.000000000022,0.006521202618704,0.0521264957868171,6.0,3.0
2,0.0,2.99167653433e-05,3.15235079036e-05,6.0,3.0
3,10117.999999999834,0.01071510269717,0.101020669017791,6.0,3.0
4,12146.999999999933,0.015903784834729,0.1501293748078395,6.0,3.0
5,13709.999999999662,0.020129465486704,0.1975060417848194,6.0,3.0
6,15016.999999999707,0.024250112891273,0.2454236724944298,6.0,3.0
7,16021.000000000296,0.027806090278374,0.2853035675121576,6.0,3.0
8,17085.000000000124,0.031395239442963,0.3282085746162043,6.0,3.0
9,17940.000000000036,0.035196814418446,0.3663752841493272,6.0,3.0
10,19008.00000000007,0.039070121685397,0.4133739700654658,6.0,3.0
0,4494.999999999994,0.0016353738052291,0.0134084337271728,6.0,3.0
1,7833.999999999956,0.0049037789969597,0.0459156872046631,6.0,3.0
2,0.0,-0.0001159765021436,-0.0001803740403264,6.0,3.0
3,10290.999999999822,0.0086143836171303,0.0852952133830288,6.0,3.0
4,12364.000000000256,0.012493471254185,0.1260860515698123,6.0,3.0
5,14084.000000000113,0.016804656622009,0.1676818895616545,6.0,3.0
6,15629.000000000358,0.020666471492857,0.214944029477375,6.0,3.0
7,16794.000000000324,0.023999075999366,0.2541577973605767,6.0,3.0
8,17840.999999999523,0.027579721602551,0.2903032723963433,6.0,3.0
9,18733.99999999994,0.03058809691257,0.3278680684375296,6.0,3.0
10,19496.999999999935,0.034007542380636,0.3613979694474259,6.0,3.0
0,0.0,7.98824884395e-05,-1.06976145942e-05,6.0,3.0
1,19445.999999999964,0.047472488237954,0.5410249884186139,6.0,3.0
2,19135.999999999916,0.045893594286283,0.5216433488566432,6.0,3.0
3,18835.99999999989,0.044200948185048,0.497987972487506,6.0,3.0
4,18535.000000000065,0.042632348668736,0.4819086920493237,6.0,3.0
5,18215.99999999979,0.041117988563889,0.4629127223177946,6.0,3.0
6,17748.999999999607,0.03918344765115,0.4436157300881035,6.0,3.0
7,17349.00000000022,0.037279397942067,0.4222061262725192,6.0,3.0
8,16871.000000000193,0.035361593048212,0.3974507422957891,6.0,3.0
9,16454.000000000175,0.033530120541199,0.3771147571175886,6.0,3.0
10,16113.000000000213,0.031503826568389,0.3500348215002881,6.0,3.0
11,15528.000000000222,0.028768632296171,0.3214158800640586,6.0,3.0
12,15025.999999999927,0.027426457313421,0.3012915331049543,6.0,3.0
13,14373.000000000287,0.025256813410647,0.2756110113691628,6.0,3.0
14,13707.000000000226,0.022806154452897,0.2473053893063074,6.0,3.0
15,13107.000000000186,0.020855031320722,0.222912523317922,6.0,3.0
16,12345.000000000004,0.018701105718736,0.1966533026321832,6.0,3.0
17,11353.999999999836,0.015967866568044,0.1632733377488541,6.0,3.0
18,10565.99999999976,0.014181483834688,0.1396973300990144,6.0,3.0
19,9453.999999999967,0.011646837167078,0.1092852191499645,6.0,3.0
20,8059.000000000019,0.0092984091591342,0.0776424496575935,6.0,3.0
0,0.0,7.39107484598e-05,-0.0002617146798383,6.0,3.0
1,4136.999999999976,0.001492048826341,0.010865314792297,6.0,3.0
2,7422.999999999958,0.005397057981723,0.0411355382787027,6.0,3.0
3,9837.999999999878,0.0087244723490562,0.0767549773491783,6.0,3.0
4,11968.999999999924,0.012460445446038,0.1199748369937236,6.0,3.0
5,13484.000000000076,0.016230440108866,0.1571054505791988,6.0,3.0
6,14893.99999999988,0.019717815196409,0.1943554002402859,6.0,3.0
7,16059.999999999656,0.02312602591598,0.2334150884779308,6.0,3.0
8,17055.000000000025,0.025641424675438,0.2683932901246501,6.0,3.0
9,18031.999999999956,0.028173609165926,0.3031819199608225,6.0,3.0
10,18687.99999999998,0.031072096620358,0.3348733217666074,6.0,3.0
0,0.0,5.11486041928e-05,-0.0001132936348758,6.0,3.0
1,19033.00000000015,0.046063105062667,0.5166109061965606,6.0,3.0
2,18799.999999999967,0.044461852069485,0.4959037931115213,6.0,3.0
3,18444.999999999767,0.042510812354535,0.4761597361730663,6.0,3.0
4,18108.99999999982,0.04101436060041,0.4612752800770906,6.0,3.0
5,17706.99999999985,0.038910790705983,0.4444173492394548,6.0,3.0
6,17395.999999999985,0.037877971731625,0.4234205822115809,6.0,3.0
7,16952.000000000266,0.035541363152193,0.4000494758808258,6.0,3.0
8,16567.99999999978,0.033786411745415,0.3772982988896004,6.0,3.0
9,16149.99999999995,0.032416593571954,0.3594010832120755,6.0,3.0
10,15621.999999999764,0.029908580058981,0.3315382007178904,6.0,3.0
11,15191.000000000462,0.02807773480591,0.3122372413391321,6.0,3.0
12,14654.999999999867,0.026131578412798,0.2872281130795633,6.0,3.0
13,14141.999999999727,0.02417366225495,0.2645649714665253,6.0,3.0
14,13435.999999999536,0.021654321396067,0.2362219077525964,6.0,3.0
15,12837.000000000264,0.019809416145355,0.2123158750658175,6.0,3.0
16,12121.000000000038,0.017969870975313,0.187438956640861,6.0,3.0
17,11266.000000000124,0.015674147084072,0.1601116597443673,6.0,3.0
18,10426.00000000026,0.013636062066922,0.1347893548398688,6.0,3.0
19,9414.00000000003,0.011375866326419,0.1069942168853482,6.0,3.0
20,8347.0,0.0093641684580645,0.0820172446444565,6.0,3.0
0,0.0,0.0001187876838806,-0.0003219584898384,6.0,3.0
1,19535.000000000444,0.046672087883435,0.5282676940652109,6.0,3.0
2,19269.99999999958,0.04487627669148,0.5091836465316597,6.0,3.0
3,19017.000000000287,0.043538859261335,0.4931018542611902,6.0,3.0
4,18590.00000000024,0.041973436636774,0.4760751918482764,6.0,3.0
5,18270.000000000156,0.040681670073015,0.4577710174226062,6.0,3.0
6,17834.999999999694,0.038833656481084,0.4326018837436025,6.0,3.0
7,17463.999999999636,0.037516147501121,0.4153040866078121,6.0,3.0
8,17039.999999999978,0.035729920391629,0.3907538039023825,6.0,3.0
9,16623.99999999977,0.032962154797298,0.3644977766323872,6.0,3.0
10,16178.000000000424,0.030898643890956,0.3419526511260216,6.0,3.0
11,15593.000000000431,0.028819549881012,0.3166556419683174,6.0,3.0
12,15056.000000000024,0.027063444767203,0.2949926582001091,6.0,3.0
13,14508.999999999583,0.025012825814509,0.2709715862153742,6.0,3.0
14,13783.000000000282,0.022773369631104,0.2418832840263698,6.0,3.0
15,13128.999999999874,0.020446610939191,0.214756384311197,6.0,3.0
16,12392.999999999583,0.018498446009392,0.1902263942422336,6.0,3.0
17,11425.99999999969,0.015787424267459,0.1583292513085508,6.0,3.0
18,10544.999999999884,0.013762175757394,0.132976433038948,6.0,3.0
19,9533.000000000033,0.011464793269028,0.1051779752306955,6.0,3.0
20,8128.999999999959,0.0090070713113597,0.0732211785522324,6.0,3.0
0,0.0,4.03641505335e-05,0.0006801788805151,6.0,3.0
1,17305.999999999694,0.03436849708251,0.4103640359680421,6.0,3.0
2,17025.99999999974,0.032953444202151,0.3948226785984613,6.0,3.0
3,16675.99999999956,0.031684860383165,0.3788663704221931,6.0,3.0
4,16422.00000000045,0.029961911467178,0.356091214465786,6.0,3.0
5,16052.000000000206,0.029205592169643,0.3438813644119959,6.0,3.0
6,15676.000000000133,0.027859087936569,0.3282893776331876,6.0,3.0
7,15295.999999999847,0.026320927179128,0.3093180940746126,6.0,3.0
8,14950.999999999683,0.02503059887276,0.2932017358259242,6.0,3.0
9,14454.00000000036,0.023397034873281,0.2734486366889508,6.0,3.0
10,14080.99999999972,0.021805404684707,0.2560551851833806,6.0,3.0
11,13555.999999999924,0.020155859886798,0.234496430133695,6.0,3.0
12,13070.000000000447,0.018972801518044,0.2195265481334298,6.0,3.0
13,12602.000000000457,0.017613592845614,0.2030708810638291,6.0,3.0
14,11948.000000000047,0.0157697127325,0.1806210839768422,6.0,3.0
15,11282.999999999798,0.013981143654732,0.1599258635647341,6.0,3.0
16,10646.000000000022,0.012248265921813,0.1400521079935146,6.0,3.0
17,9934.99999999981,0.010700719485263,0.1203435664569654,6.0,3.0
18,9095.000000000042,0.008980520699235,0.0989314479298119,6.0,3.0
19,8066.000000000041,0.0070828061463378,0.076489414334783,6.0,3.0
20,7061.000000000023,0.0054709927163585,0.0566477071509424,6.0,3.0
0,0.0,-4.27365171448e-05,-0.0008537978205145,6.0,3.0
1,18350.00000000041,0.03969058256616,0.4607648338008392,6.0,3.0
2,18099.999999999603,0.038683958815753,0.4462605203956091,6.0,3.0
3,17807.00000000018,0.037338820412434,0.4345696757169676,6.0,3.0
4,17524.999999999643,0.036017133229969,0.4165721449294408,6.0,3.0
5,17194.999999999527,0.035025955902913,0.4013274114096863,6.0,3.0
6,16829.000000000437,0.033352908681255,0.3803597903567885,6.0,3.0
7,16510.000000000164,0.031598635071948,0.3597969083631923,6.0,3.0
8,16068.000000000064,0.029867232736402,0.3403494118829366,6.0,3.0
9,15706.000000000227,0.028424678496798,0.3258216817499044,6.0,3.0
10,15308.000000000462,0.026508191001374,0.3040813563668531,6.0,3.0
11,14786.999999999916,0.024583455957598,0.2823932240123182,6.0,3.0
12,14287.0000000002,0.023347182128268,0.2621942788866228,6.0,3.0
13,13754.999999999807,0.02120028972341,0.2383209353645842,6.0,3.0
14,13184.999999999864,0.019544489082923,0.2185231132148083,6.0,3.0
15,12537.000000000242,0.017590632095544,0.1967308553380308,6.0,3.0
16,11759.000000000198,0.015464561174154,0.1693497568247668,6.0,3.0
17,10987.999999999794,0.013473256974071,0.145803122772486,6.0,3.0
18,10055.000000000202,0.011043497458141,0.1183260480094731,6.0,3.0
19,9096.999999999956,0.0092089131952604,0.0963264672434123,6.0,3.0
20,8026.000000000007,0.0074142660350873,0.0727282339260685,6.0,3.0
0,0.0,1.43995789362e-05,0.0001280458731073,6.0,3.0
1,19425.999999999894,0.043559484034426,0.5350767255702611,6.0,3.0
2,19162.999999999614,0.042253206884006,0.5187955968487609,6.0,3.0
3,18265.99999999995,0.038200287188586,0.4665222654563485,6.0,3.0
4,17392.999999999596,0.034675241434097,0.4178450551300699,6.0,3.0
5,16878.999999999643,0.032727103199604,0.3929166585093482,6.0,3.0
6,16527.99999999965,0.03139775320742,0.372076506431085,6.0,3.0
7,16124.999999999867,0.02994076218427,0.3544091959360026,6.0,3.0
8,15668.999999999533,0.028391759180439,0.3322433800135418,6.0,3.0
9,15254.000000000096,0.026981717365778,0.3114881861220193,6.0,3.0
10,14669.999999999918,0.025197510695079,0.2898785218463797,6.0,3.0
11,14216.999999999973,0.023321348340771,0.2662108600770396,6.0,3.0
12,13589.000000000417,0.021469972048149,0.2411356648934855,6.0,3.0
13,12945.999999999854,0.01968715085102,0.2170336288134684,6.0,3.0
14,12151.000000000136,0.01759502832415,0.1894364131984826,6.0,3.0
15,11348.99999999982,0.015277498015556,0.1626063777618351,6.0,3.0
16,10401.00000000018,0.013111405599896,0.1340901064664895,6.0,3.0
17,9273.00000000005,0.010646120875639,0.1039478340265534,6.0,3.0
18,7873.999999999991,0.0081200254915585,0.0730192995607501,6.0,3.0
19,6248.999999999963,0.0041133504278729,0.0432894025247408,6.0,3.0
20,3750.999999999964,0.001666376255724,0.0144466218131298,6.0,3.0
0,0.0,5.31516859813e-05,4.23850861703e-05,6.0,3.0
1,16173.000000000407,0.030217186137967,0.3573260185687366,6.0,3.0
2,15947.999999999676,0.029540754660839,0.3468125090559569,6.0,3.0
3,15647.999999999658,0.028346904198955,0.3304653349145937,6.0,3.0
4,15396.000000000176,0.027192920733047,0.3180761658621854,6.0,3.0
5,15117.000000000033,0.02627020898137,0.3032396595072221,6.0,3.0
6,14761.999999999833,0.024842050068907,0.28593892768089,6.0,3.0
7,14354.999999999847,0.023690441714684,0.2715874535582284,6.0,3.0
8,13998.000000000024,0.022399021577161,0.2558663232667527,6.0,3.0
9,13618.999999999556,0.021241444976286,0.2420436311571739,6.0,3.0
10,13224.999999999996,0.020045209181315,0.2264836553287718,6.0,3.0
11,12709.000000000422,0.018577627548261,0.2088806901522436,6.0,3.0
12,12269.999999999758,0.017288727283913,0.1928932075078951,6.0,3.0
13,11829.000000000427,0.016206032902777,0.1770547912795093,6.0,3.0
14,11231.000000000013,0.014553654715587,0.158599662945491,6.0,3.0
15,10693.999999999603,0.013271902335076,0.141904622125527,6.0,3.0
16,9954.000000000064,0.011573165422089,0.12096549282493,6.0,3.0
17,9356.000000000033,0.010444263292034,0.1049720343040181,6.0,3.0
18,8574.999999999976,0.0088616843126376,0.0860579433237344,6.0,3.0
19,7613.000000000003,0.0072879162901487,0.0665847727063625,6.0,3.0
20,6611.999999999997,0.0042143694768445,0.0491369065627732,6.0,3.0
0,0.0,3.11911833496e-05,-0.0004275430261237,6.0,3.0
1,4438.0,0.0019409165213114,0.0156694635043149,6.0,3.0
2,7331.000000000041,0.0042561556411304,0.0489329011222599,6.0,3.0
3,9779.000000000451,0.0088991891381304,0.0923907735137044,6.0,3.0
4,11848.999999999536,0.013883168938736,0.1431126116853461,6.0,3.0
5,13465.999999999634,0.01803253433643,0.1928067206088521,6.0,3.0
6,14914.999999999758,0.022800763104153,0.2432672853202062,6.0,3.0
7,16256.000000000104,0.027649819297713,0.2960281752886562,6.0,3.0
8,17328.00000000034,0.02921420801395,0.3386041244989777,6.0,3.0
9,18299.00000000044,0.032801612150819,0.3814235799781577,6.0,3.0
10,19115.000000000036,0.036265328821509,0.4223194780664039,6.0,3.0
0,0.0,3.35936239466e-05,-0.0004350916898154,6.0,3.0
1,5615.000000000005,0.0035303482975459,0.0272875565685601,6.0,3.0
2,8046.99999999998,0.0068721959191586,0.0607305167762059,6.0,3.0
3,10179.999999999653,0.010845853147891,0.1030715344035629,6.0,3.0
4,12121.000000000038,0.015762882719112,0.1534155070524593,6.0,3.0
5,13617.999999999744,0.019897833159871,0.1992561247289747,6.0,3.0
6,15071.999999999887,0.024776091465707,0.2522315888985637,6.0,3.0
7,16144.000000000122,0.028772386897251,0.2925108112741558,6.0,3.0
8,17201.00000000031,0.032993844788254,0.3374318675552202,6.0,3.0
9,18081.000000000306,0.036511863225849,0.3776493606659257,6.0,3.0
10,18941.000000000236,0.04264624766727,0.4185366741503776,6.0,3.0
0,0.0,4.12609457438e-05,0.0007133572406238,40.0,10.0
1,3015.8529555619543,5.9231042239562,10.811942056046664,40.0,10.0
2,2922.8976055784965,5.7760350794116,10.939503797921818,40.0,10.0
3,2574.3668016225006,4.4786543789521,8.558575210984179,40.0,10.0
4,2351.0515529770264,3.7056139085439,7.09217593231705,40.0,10.0
5,2178.497138182968,3.1782675333544,6.144346261772981,40.0,10.0
6,2019.0474006313448,2.7254742607767,5.317266017840548,40.0,10.0
7,1863.8730179271276,2.3263360963719,4.608675038642453,40.0,10.0
8,1688.024272632336,1.9289729040084,3.92910099217684,40.0,10.0
9,1507.898275698938,1.5563406775576,3.252466885397562,40.0,10.0
10,1311.254327146732,1.1849895318529,2.563647027844473,40.0,10.0
11,1056.916100019807,0.77604241315418,1.7395860026986791,40.0,10.0
0,0.0,-0.0001644532372687,0.0002420155979013,5.0,4.0
1,20732.99999999994,0.044693770029837,0.4815069131384316,5.0,4.0
2,20417.99999999988,0.043194456310849,0.4630144988341075,5.0,4.0
3,20127.99999999989,0.04200756214517,0.4498758000739804,5.0,4.0
4,19769.00000000044,0.040661823118787,0.4343332735389455,5.0,4.0
5,19363.000000000266,0.039470549951232,0.4190631279903228,5.0,4.0
6,18926.000000000186,0.038058649812896,0.4012371750671432,5.0,4.0
7,18508.00000000036,0.036676566749341,0.3849254980593883,5.0,4.0
8,18128.999999999887,0.034779961671618,0.3631499010338189,5.0,4.0
9,17619.999999999953,0.033486486692131,0.3458546255026538,5.0,4.0
10,17028.00000000032,0.03143209567194,0.3239949059789531,5.0,4.0
11,16525.000000000215,0.029599570653491,0.3040460637885007,5.0,4.0
12,15944.000000000426,0.027376432688985,0.2809959776516548,5.0,4.0
13,15276.999999999596,0.025672997874538,0.2595224259414071,5.0,4.0
14,14620.999999999569,0.023322619162289,0.2356582703417477,5.0,4.0
15,13745.999999999589,0.021020909813026,0.2089131471493119,5.0,4.0
16,12923.000000000353,0.019055097204514,0.1857240325509628,5.0,4.0
17,11979.99999999977,0.01651250600089,0.1592647904671014,5.0,4.0
18,11021.000000000284,0.014181747088745,0.1338718480944257,5.0,4.0
19,9747.999999999583,0.011914409951297,0.1051517019249693,5.0,4.0
20,8499.000000000016,0.0096241756699835,0.0797837284393865,5.0,4.0
0,0.0,-5.42891793735e-05,-8.66792338097e-05,5.0,4.0
1,2863.000000000039,0.000903814532511,0.005574079598783,5.0,4.0
2,3924.999999999956,0.0017410893706359,0.0126258806342685,5.0,4.0
3,5081.999999999991,0.0028369988315774,0.0222024344316214,5.0,4.0
4,6250.999999999969,0.00405540733806,0.0336968684505911,5.0,4.0
5,7330.000000000038,0.0054910019086123,0.0462094403454176,5.0,4.0
6,8481.99999999996,0.0070987245564008,0.061559037716425,5.0,4.0
7,9628.999999999964,0.0091366827228694,0.0801621509886699,5.0,4.0
8,10513.00000000016,0.010806021545458,0.094478204593952,5.0,4.0
9,11483.00000000045,0.012712369719792,0.1131830487552732,5.0,4.0
10,12195.00000000047,0.014453168859129,0.1272956771548796,5.0,4.0
11,12964.000000000296,0.016190366702851,0.1451205048093589,5.0,4.0
12,13866.99999999979,0.018306722000431,0.1645035053026262,5.0,4.0
13,14841.000000000282,0.020796291631188,0.1886935896615562,5.0,4.0
14,15878.000000000404,0.023773245234449,0.2149203021183686,5.0,4.0
15,16888.999999999676,0.026812091756777,0.2441611847623602,5.0,4.0
16,17833.000000000073,0.029673910979274,0.2696817357609887,5.0,4.0
17,18698.00000000001,0.03265835243643,0.2972947777647005,5.0,4.0
18,19128.00000000046,0.034105589004548,0.3105051896943503,5.0,4.0
19,19105.0,0.034078008321712,0.3105084649156949,5.0,4.0
20,19094.999999999967,0.033768747347891,0.3087279702749665,5.0,4.0
0,0.0,-6.4683336783e-05,-0.0002935620116906,5.0,4.0
1,19181.00000000006,0.036002663921448,0.4375092844767174,5.0,4.0
2,19023.99999999993,0.034912191270218,0.4270504136388267,5.0,4.0
3,18728.999999999927,0.033949258727341,0.4143203528835636,5.0,4.0
4,18435.99999999955,0.032667790531848,0.4019579237729704,5.0,4.0
5,18082.00000000012,0.031415850821267,0.38862578467908,5.0,4.0
6,17753.999999999625,0.030399815035885,0.3735235079991536,5.0,4.0
7,17419.000000000447,0.029306113571606,0.3583352976760056,5.0,4.0
8,16979.99999999978,0.028232771382904,0.3423031386858509,5.0,4.0
9,16577.0,0.026915802968929,0.3275443514836259,5.0,4.0
10,16143.00000000031,0.025327927467691,0.3070899595991904,5.0,4.0
11,15564.999999999958,0.023713078002381,0.2866781411556852,5.0,4.0
12,15069.00000000045,0.022159886994193,0.2691836800214957,5.0,4.0
13,14450.999999999967,0.020311822128553,0.2464701850968883,5.0,4.0
14,13902.999999999716,0.01895282370117,0.2278565848927819,5.0,4.0
15,13201.99999999954,0.016912458865464,0.2042322759453738,5.0,4.0
16,12497.000000000113,0.015308741282562,0.1822898223557892,5.0,4.0
17,11639.99999999962,0.013220370782993,0.1573827466954566,5.0,4.0
18,10554.000000000104,0.011090182477291,0.1291539616767194,5.0,4.0
19,9538.999999999956,0.0094773328545598,0.1049281365302218,5.0,4.0
20,8254.999999999987,0.0069664907442206,0.0784149229567599,5.0,4.0
0,0.0,0.0001347445462093,0.0001467060962447,5.0,4.0
1,20451.000000000367,0.043805333184123,0.4707924889006644,5.0,4.0
2,20192.000000000284,0.042950192381744,0.4580398439700204,5.0,4.0
3,19894.999999999705,0.041382837895297,0.441182951961312,5.0,4.0
4,19537.00000000007,0.03991630286472,0.4273356067006368,5.0,4.0
5,19150.99999999996,0.038844479870166,0.4154926102832976,5.0,4.0
6,18738.99999999996,0.03760245406415,0.4012534567471766,5.0,4.0
7,18355.00000000043,0.036332689464455,0.3837887585792294,5.0,4.0
8,17895.9999999997,0.034697952932723,0.3635209700417268,5.0,4.0
9,17438.999999999553,0.032914575255057,0.3432792884863945,5.0,4.0
10,16932.0000000002,0.031134635411456,0.3217551488280606,5.0,4.0
11,16343.000000000004,0.029360508421039,0.3011094028124589,5.0,4.0
12,15891.999999999683,0.027586583561554,0.2815759182188413,5.0,4.0
13,15152.000000000146,0.025436454819805,0.2556854096351456,5.0,4.0
14,14447.999999999576,0.023116092750255,0.233017106418104,5.0,4.0
15,13712.000000000242,0.021235951958948,0.2122276620874101,5.0,4.0
16,12884.000000000036,0.01898046780992,0.1851316508657594,5.0,4.0
17,12075.999999999893,0.016722435472517,0.1624958772788261,5.0,4.0
18,11015.000000000457,0.014146657761616,0.1336908677154176,5.0,4.0
19,9872.999999999993,0.012077418511249,0.1094280264195826,5.0,4.0
20,8411.000000000016,0.009523407787586,0.0784929338044949,5.0,4.0
0,0.0,1.25127359722e-05,-0.0004633644151721,5.0,4.0
1,18204.00000000013,0.032218561014305,0.3801340272224562,5.0,4.0
2,17900.99999999972,0.031304001203041,0.3678942650284654,5.0,4.0
3,17621.999999999578,0.03018171748637,0.355129716048202,5.0,4.0
4,17321.999999999556,0.029294016734231,0.3414639573831635,5.0,4.0
5,16972.000000000327,0.028313418671735,0.3311833695926846,5.0,4.0
6,16662.000000000276,0.027534512286714,0.318631666173831,5.0,4.0
7,16280.000000000373,0.026178987782827,0.3047036983757552,5.0,4.0
8,15959.000000000477,0.025048707585785,0.2908374740877976,5.0,4.0
9,15504.999999999764,0.023766329594342,0.2752439336746697,5.0,4.0
10,15000.999999999847,0.022269439118318,0.2576661969222313,5.0,4.0
11,14567.000000000156,0.020841657044741,0.2410899114403185,5.0,4.0
12,14028.000000000124,0.019608431330637,0.2243030254453661,5.0,4.0
13,13473.00000000023,0.018051273982328,0.2069259415007061,5.0,4.0
14,12870.999999999607,0.016324434347286,0.1881215882279575,5.0,4.0
15,12252.000000000273,0.014910551437694,0.1701168541533551,5.0,4.0
16,11400.999999999607,0.012969824960332,0.1486518266563913,5.0,4.0
17,10620.99999999994,0.011346610313842,0.1285642036114269,5.0,4.0
18,9715.999999999864,0.0094958638776918,0.1073520511576022,5.0,4.0
19,8607.999999999989,0.0074160549594491,0.0842372102557224,5.0,4.0
20,7480.999999999955,0.0056638699551459,0.0627679710994651,5.0,4.0
0,0.0,0.0001558595046098,0.0023751730864009,5.0,4.0
1,13362.999999999873,0.066727632714439,0.468854714014276,5.0,4.0
2,12670.999999999916,0.0599066245905,0.4227099884223257,5.0,4.0
3,12024.999999999916,0.054067866122085,0.3800388513451688,5.0,4.0
4,11310.000000000458,0.047976179519418,0.3348536682516863,5.0,4.0
5,10554.000000000104,0.04198140029641,0.2921278966664967,5.0,4.0
6,9724.000000000273,0.035896308478081,0.2492982337375556,5.0,4.0
7,8849.000000000007,0.030061756348813,0.2056560746125537,5.0,4.0
8,7971.000000000019,0.024216852418063,0.1665490941532735,5.0,4.0
9,7135.99999999998,0.019659247280712,0.1336780487434853,5.0,4.0
10,6264.000000000012,0.015096965830576,0.1023410610677346,5.0,4.0
11,5245.000000000043,0.01049368704959,0.0713614820558916,5.0,4.0
12,4092.000000000021,0.006751730134154,0.0440516089776804,5.0,4.0
13,2863.000000000039,0.0035956756996528,0.022384798373935,5.0,4.0
14,1462.9999999999786,0.0011856346234775,0.007056153462375,5.0,4.0
0,0.0,7.99968810814e-05,0.0010829878244481,5.0,4.0
1,19113.00000000041,0.035662600894158,0.4293791909775408,5.0,4.0
2,18387.999999999964,0.033023804833901,0.3990528990209807,5.0,4.0
3,17684.000000000353,0.030864474522531,0.3719900147742807,5.0,4.0
4,17333.000000000357,0.02958402014477,0.3565902019141603,5.0,4.0
5,16973.999999999953,0.028598272743809,0.3447745631698287,5.0,4.0
6,16703.00000000022,0.027547021834017,0.3319808303154492,5.0,4.0
7,16348.999999999833,0.026422414089891,0.318799077290767,5.0,4.0
8,15988.99999999962,0.025398402267575,0.3046399566672717,5.0,4.0
9,15580.000000000007,0.024182594983497,0.2906006290878638,5.0,4.0
10,15147.999999999942,0.023060627860201,0.275839631349472,5.0,4.0
11,14703.000000000404,0.021647291110092,0.2570870247455757,5.0,4.0
12,14232.999999999833,0.020273475708299,0.2404524504840491,5.0,4.0
13,13653.999999999673,0.018695544069952,0.2219600957615292,5.0,4.0
14,13124.999999999673,0.017274910210079,0.2037395211677994,5.0,4.0
15,12472.000000000033,0.015683307560729,0.1814427898182458,5.0,4.0
16,11754.999999999996,0.014104153885815,0.1619504432821503,5.0,4.0
17,10808.999999999976,0.011930174084545,0.1380820172031019,5.0,4.0
18,10004.000000000227,0.010234468564201,0.1187044149845258,5.0,4.0
19,8880.000000000013,0.0083167652265298,0.0945044810135051,5.0,4.0
20,7615.000000000008,0.0062003488731746,0.0698791618499028,5.0,4.0
0,0.0,8.76200405567e-05,0.0004449832526342,5.0,4.0
1,18742.00000000035,0.037936569662951,0.4066503041756155,5.0,4.0
2,18462.0000000004,0.036797630898869,0.3929369011324357,5.0,4.0
3,18112.00000000021,0.035628914117895,0.3793878350635844,5.0,4.0
4,17775.000000000455,0.034410713282377,0.3622105631849,5.0,4.0
5,17455.00000000037,0.033000852092308,0.3491132068769559,5.0,4.0
6,17024.000000000116,0.031947668229492,0.3344116482776585,5.0,4.0
7,16540.000000000262,0.030441913813669,0.3153602117913457,5.0,4.0
8,16153.000000000342,0.029038873374734,0.300258783458286,5.0,4.0
9,15626.99999999978,0.027528009826855,0.2802817680353638,5.0,4.0
10,15054.0000000004,0.025577513129591,0.2596898073345944,5.0,4.0
11,14546.000000000278,0.023692956265688,0.2402162079430182,5.0,4.0
12,13905.000000000296,0.021954486169324,0.2215357189204774,5.0,4.0
13,13096.00000000034,0.019953676056093,0.1973451853350532,5.0,4.0
14,12385.000000000133,0.018113820860723,0.1781054682615266,5.0,4.0
15,11510.999999999964,0.015966650524709,0.1539553449022041,5.0,4.0
16,10467.000000000204,0.013553937265903,0.1259252704981415,5.0,4.0
17,9449.999999999956,0.01149067067483,0.1028829166618162,5.0,4.0
18,8154.00000000004,0.0092167761292516,0.0766334492857642,5.0,4.0
19,6480.000000000045,0.0059040809716703,0.0481553428485701,5.0,4.0
20,4755.999999999983,0.0040086763321695,0.0260634824609413,5.0,4.0
0,0.0,-8.8340629998021e-07,-0.0009450460385356,5.0,4.0
1,18132.00000000028,0.033683101507619,0.3893694584180429,5.0,4.0
2,17878.00000000022,0.032523411609636,0.3781533862255306,5.0,4.0
3,17550.999999999538,0.031544626011115,0.3660481567132405,5.0,4.0
4,17190.000000000466,0.029698547269488,0.3477413729635809,5.0,4.0
5,16865.000000000364,0.028664851331273,0.3375907095975995,5.0,4.0
6,16470.999999999847,0.02756495234435,0.3226362890665416,5.0,4.0
7,16161.999999999607,0.026394263698305,0.3066576936082454,5.0,4.0
8,15737.999999999947,0.025260109214525,0.2946568395422902,5.0,4.0
9,15219.999999999794,0.023996168250074,0.278357389350196,5.0,4.0
10,14759.000000000397,0.022508876850256,0.2609867094674736,5.0,4.0
11,14243.999999999678,0.020879695733523,0.2417517345057588,5.0,4.0
12,13799.000000000142,0.019418496999094,0.2257431368245629,5.0,4.0
13,13289.000000000397,0.017952141289215,0.2090105022658196,5.0,4.0
14,12575.999999999607,0.016362490820065,0.1880317617246664,5.0,4.0
15,11943.999999999844,0.014816808940513,0.1686374854299684,5.0,4.0
16,11200.0000000001,0.013168527125896,0.148897654189657,5.0,4.0
17,10483.999999999876,0.011600550546114,0.1295040991416233,5.0,4.0
18,9537.999999999956,0.00994465423219,0.1079235627939816,5.0,4.0
19,8423.999999999964,0.0077707113361774,0.0839224349351266,5.0,4.0
20,7412.000000000018,0.0061097232262643,0.064799824703442,5.0,4.0
0,0.0,7.96609239775e-05,-0.0001892634693326,6.0,4.5
1,2929.9999999999704,0.0033406298865424,0.020303387996125,6.0,4.5
2,4920.000000000038,0.0090215516450168,0.060281701457465,6.0,4.5
3,6651.000000000028,0.017748233939384,0.110432674334212,6.0,4.5
4,7968.00000000001,0.025321060013747,0.1600083587721291,6.0,4.5
5,9300.00000000004,0.034635696087807,0.2191764868160381,6.0,4.5
6,10198.999999999904,0.041315068665217,0.2655280689706882,6.0,4.5
7,11220.999999999978,0.048475269037979,0.3200547964835188,6.0,4.5
8,12365.999999999878,0.057917923781316,0.3901468688017926,6.0,4.5
9,13312.999999999707,0.066377923008166,0.4530582897650574,6.0,4.5
10,14230.000000000397,0.073157113666009,0.5150718326376081,6.0,4.5
0,0.0,-0.0003093428255829,-0.0004699737954925,6.0,4.5
1,12984.00000000036,0.074338653886738,0.586957293149312,6.0,4.5
2,12590.999999999654,0.069835627231394,0.5517413191587546,6.0,4.5
3,12323.000000000313,0.066543690150488,0.5262875104575365,6.0,4.5
4,12030.999999999747,0.063275882243738,0.4997104744521218,6.0,4.5
5,11704.999999999833,0.059844651535759,0.4775200617617026,6.0,4.5
6,11333.999999999773,0.057476154469266,0.456524489207191,6.0,4.5
7,11059.999999999647,0.053905171368985,0.4271255057690852,6.0,4.5
8,10614.000000000298,0.050038820660464,0.3951897504434236,6.0,4.5
9,10284.999999999996,0.0472812921066,0.3720639902298747,6.0,4.5
10,9938.000000000204,0.04401970280395,0.3426409383288381,6.0,4.5
11,9554.99999999953,0.041168102246478,0.3174027946609494,6.0,4.5
12,9142.000000000004,0.037912983911645,0.2906088359739564,6.0,4.5
13,8667.999999999993,0.034359713140909,0.2607744944850382,6.0,4.5
14,8223.999999999982,0.031312912579819,0.2365765575424635,6.0,4.5
15,7787.999999999997,0.028791519879888,0.2143446371948831,6.0,4.5
16,7362.000000000045,0.025857837725527,0.1877881008561129,6.0,4.5
17,6846.999999999996,0.022049567290459,0.1622895339157102,6.0,4.5
18,6221.999999999971,0.017573144803678,0.1337750831614873,6.0,4.5
19,5527.000000000005,0.013817447304572,0.1049260774967904,6.0,4.5
20,4763.0000000000055,0.010713178607957,0.076937559451152,6.0,4.5
0,0.0,0.0001844307622414,0.0007912391784224,6.0,4.5
1,20539.00000000008,0.1550398338335,1.099204928864903,6.0,4.5
2,18748.00000000018,0.12903228399475,0.913207190419287,6.0,4.5
3,17630.999999999796,0.11472481279243,0.81136975750659,6.0,4.5
4,16550.000000000295,0.10124578079049,0.7144062437800268,6.0,4.5
5,15519.000000000002,0.088367439904368,0.6309180808659532,6.0,4.5
6,14355.999999999662,0.075013006705936,0.5391562126465511,6.0,4.5
7,12950.99999999987,0.061025479025668,0.4412230253237854,6.0,4.5
8,11561.00000000013,0.04794567382716,0.3469563725074618,6.0,4.5
9,9573.999999999784,0.031119054525866,0.2374160381643069,6.0,4.5
10,7531.000000000022,0.016873523142519,0.1465323689191926,6.0,4.5
0,0.0,9.56486016032e-05,-2.99472373559e-05,6.0,4.5
1,11059.999999999647,0.051580283675947,0.421197283539955,6.0,4.5
2,10848.000000000296,0.049398438051612,0.4035603864284134,6.0,4.5
3,10619.000000000317,0.047192681061983,0.3872138206378427,6.0,4.5
4,10334.000000000344,0.044855817750654,0.3688128144655004,6.0,4.5
5,10111.000000000193,0.043043515523464,0.3525164785614761,6.0,4.5
6,9823.999999999642,0.041046229079312,0.3356462923802726,6.0,4.5
7,9581.00000000038,0.03917134755696,0.3192971522129575,6.0,4.5
8,9249.999999999973,0.036873926008866,0.300064925358935,6.0,4.5
9,9015.999999999976,0.035251863095243,0.285458333484564,6.0,4.5
10,8761.000000000007,0.032810838135692,0.263670461244788,6.0,4.5
11,8441.000000000018,0.030430599149956,0.2443592517402375,6.0,4.5
12,8102.999999999971,0.02832910752136,0.2251920306774383,6.0,4.5
13,7720.999999999971,0.025613704440037,0.2032197678993234,6.0,4.5
14,7344.999999999991,0.023435593072573,0.185637715950972,6.0,4.5
15,6931.999999999985,0.020274943350591,0.1664798868883869,6.0,4.5
16,6438.000000000004,0.017663355854428,0.1458064618130962,6.0,4.5
17,5983.999999999962,0.015119397958718,0.1240443508893149,6.0,4.5
18,5512.999999999959,0.01273939731424,0.1038708521114448,6.0,4.5
19,4894.999999999956,0.010138685430295,0.0816833109537161,6.0,4.5
20,4329.000000000027,0.0080110898986133,0.0630062287601158,6.0,4.5
0,0.0,5.49587984147e-05,-0.0001340838250421,6.0,4.5
1,19176.00000000004,0.13316251724356,0.9650749577197106,6.0,4.5
2,17746.99999999998,0.11213889735191,0.8134860712174086,6.0,4.5
3,16307.000000000078,0.094720044648245,0.6893654854657095,6.0,4.5
4,14615.99999999955,0.075454710467485,0.5507533796542551,6.0,4.5
5,13821.999999999643,0.067390385022478,0.4922520445819011,6.0,4.5
6,12346.999999999627,0.053265990760152,0.3914343007684174,6.0,4.5
7,11515.000000000173,0.046195227776524,0.3409978766406265,6.0,4.5
8,10079.00000000047,0.033970446124524,0.2614265132584522,6.0,4.5
9,8546.999999999982,0.023016909229353,0.189553427571658,6.0,4.5
10,6507.000000000037,0.010681331489523,0.10820460971089,6.0,4.5
0,0.0,-7.75804239666e-05,-0.0001763047374616,6.0,4.5
1,14088.000000000318,0.086215935663605,0.6628659986367414,6.0,4.5
2,13526.999999999642,0.080523425690885,0.6102424880650478,6.0,4.5
3,12996.999999999827,0.074342361414522,0.5580313457339765,6.0,4.5
4,12548.999999999902,0.070160197289672,0.5209268999852651,6.0,4.5
5,11990.999999999614,0.06439755456345,0.4727122871416233,6.0,4.5
6,11570.00000000035,0.060771768389273,0.4452713567527443,6.0,4.5
7,11204.000000000306,0.056997828213255,0.4152657153814911,6.0,4.5
8,10890.999999999862,0.053814053987329,0.3921434777529839,6.0,4.5
9,10554.000000000104,0.050742475716339,0.3660561255235885,6.0,4.5
10,10164.999999999603,0.047775907129648,0.3411600592576364,6.0,4.5
11,9731.999999999724,0.044290705256881,0.3129108020650375,6.0,4.5
12,9341.999999999984,0.041205150057343,0.2885451650389073,6.0,4.5
13,8916.000000000035,0.038251719715528,0.2661644806958951,6.0,4.5
14,8406.0,0.034480252814792,0.2374098711848286,6.0,4.5
15,7949.000000000044,0.031004894339404,0.2108698363611223,6.0,4.5
16,7417.000000000034,0.027855020971937,0.184440138821463,6.0,4.5
17,6882.000000000015,0.022878428500067,0.1575050842837054,6.0,4.5
18,6150.000000000023,0.017643350777946,0.1257097743414214,6.0,4.5
19,5446.000000000027,0.013928075232639,0.0962704859088679,6.0,4.5
20,4638.999999999984,0.010563732986423,0.0693825124573876,6.0,4.5
0,3597.0000000000364,0.0056098079368107,0.0322899058581085,6.0,4.5
1,6370.999999999977,0.015922951364355,0.1042343519139869,6.0,4.5
2,0.0,5.21433228752e-05,-1.27335566345e-05,6.0,4.5
3,8506.000000000038,0.027902183666202,0.1859325242871215,6.0,4.5
4,10071.999999999874,0.038263644438207,0.2609081868418165,6.0,4.5
5,11164.000000000176,0.04693652417775,0.321750654642258,6.0,4.5
6,11768.00000000042,0.051995425060014,0.3603129830836116,6.0,4.5
7,12701.999999999824,0.059468724348815,0.4159014654766613,6.0,4.5
8,14725.999999999907,0.079046745243302,0.5638775518408019,6.0,4.5
9,15590.000000000042,0.08880578950677,0.6348184866272887,6.0,4.5
10,16022.99999999992,0.094515364534007,0.669837595673905,6.0,4.5
0,0.0,-1.4903090424e-06,0.0001790479307265,6.0,4.5
1,19465.00000000022,0.14996563223625,0.9851338962141404,6.0,4.5
2,17797.999999999956,0.12196648857448,0.8237196805121015,6.0,4.5
3,16626.00000000035,0.10780160518233,0.7191750864258846,6.0,4.5
4,15601.999999999698,0.0932016459928,0.630087731860666,6.0,4.5
5,14394.999999999978,0.081147155098264,0.5344260683654459,6.0,4.5
6,13084.999999999542,0.067804656515815,0.4397830897947923,6.0,4.5
7,11580.00000000038,0.053989230819902,0.3426705540110843,6.0,4.5
8,9729.000000000287,0.039575532742367,0.2394631164842326,6.0,4.5
9,7246.999999999959,0.021961589292056,0.1346066369351409,6.0,4.5
10,3598.00000000004,0.0058850591459981,0.0329388345077534,6.0,4.5
0,3182.000000000025,0.0044151003118731,0.0245682941557647,6.0,4.5
1,6298.000000000026,0.015104517633936,0.1006481229518306,6.0,4.5
2,0.0,-3.3601709939e-05,0.0002271289171689,6.0,4.5
3,8524.000000000002,0.02741762693595,0.1850015212832415,6.0,4.5
4,10229.000000000004,0.038763653639559,0.2652241053234183,6.0,4.5
5,11822.999999999643,0.051423116886726,0.3558810854691051,6.0,4.5
6,13240.999999999858,0.064251475327726,0.447735615639153,6.0,4.5
7,14416.999999999667,0.07662924054595,0.5322494163562684,6.0,4.5
8,16189.00000000027,0.095959584947486,0.6751149847132507,6.0,4.5
9,17538.99999999988,0.11373575466768,0.7982078721245482,6.0,4.5
10,18320.00000000032,0.12434281262587,0.8701425883491305,6.0,4.5
0,0.0,0.0004182610424987,0.0008391725868057,5.1,4.99
1,22623.000000000357,0.13410032177058,1.1325150029724729,5.1,4.99
2,21871.000000000204,0.12560944680847,1.0566683200061182,5.1,4.99
3,21163.000000000386,0.11883498120712,0.992795627159713,5.1,4.99
4,20529.000000000047,0.11245778071523,0.9295832188109292,5.1,4.99
5,19899.99999999972,0.10623313748979,0.8685416652953049,5.1,4.99
6,19218.999999999607,0.099836326234428,0.8070945268205962,5.1,4.99
7,18565.999999999967,0.093298318932265,0.7447498291105527,5.1,4.99
8,17848.99999999993,0.087021139338017,0.6865654594535647,5.1,4.99
9,17050.000000000007,0.079973966545717,0.6212827232811308,5.1,4.99
10,16168.000000000393,0.073073815289471,0.5579261109168269,5.1,4.99
11,15239.999999999858,0.065899766975541,0.4883580684635936,5.1,4.99
12,14547.00000000009,0.061432411126506,0.4443796824125567,5.1,4.99
13,13618.999999999556,0.055090250683724,0.3832106373264775,5.1,4.99
14,12660.000000000073,0.048432187028551,0.3255270514855124,5.1,4.99
15,11756.99999999962,0.043054898728237,0.2761511179097246,5.1,4.99
16,10703.999999999636,0.03764262247667,0.2266490845367786,5.1,4.99
17,9537.000000000047,0.032505514171591,0.1817418313295468,5.1,4.99
18,8456.999999999975,0.028113662756456,0.1438542421744326,5.1,4.99
19,7226.999999999989,0.023577602917897,0.1066892178368759,5.1,4.99
20,5988.999999999978,0.019043638356326,0.0735358541483473,5.1,4.99
0,0.0,1.03100849598e-05,0.0001968448575141,5.1,4.99
1,25334.00000000038,0.13436876311992,1.0107811389944477,5.1,4.99
2,23972.000000000156,0.12022886877408,0.9066086613662464,5.1,4.99
3,21751.999999999625,0.095116593106418,0.73133798944039,5.1,4.99
4,20314.000000000306,0.082265403741039,0.6319353603825976,5.1,4.99
5,19028.999999999945,0.071673985443916,0.5529499856274671,5.1,4.99
6,17752.99999999981,0.060897293050453,0.4765839777078615,5.1,4.99
7,16193.000000000471,0.049075561431204,0.3935448627051338,5.1,4.99
8,14374.000000000102,0.035852771202974,0.3020351281206631,5.1,4.99
9,11856.999999999944,0.021004911851441,0.199743920948591,5.1,4.99
10,8853.00000000002,0.0070862882483675,0.1081321796797071,5.1,4.99
0,0.0,4.69779624484e-05,0.0019396658237572,5.1,4.99
1,22302.00000000045,0.12265782487392,1.0801629204632572,5.1,4.99
2,21882.99999999986,0.1171044450288,1.0359720592546895,5.1,4.99
3,21352.00000000024,0.11329079512695,0.9921192164031756,5.1,4.99
4,20828.00000000025,0.10676515383627,0.9339920194312024,5.1,4.99
5,20234.99999999985,0.10093419772047,0.8761483936174739,5.1,4.99
6,19516.000000000196,0.093380816416783,0.810729099529452,5.1,4.99
7,18653.999999999683,0.088059956119418,0.7581222426731963,5.1,4.99
8,17924.99999999999,0.081191692410536,0.6936428896343502,5.1,4.99
9,17248.999999999894,0.074399072799521,0.6287394303885017,5.1,4.99
10,16572.999999999796,0.068386502009672,0.5682925219249694,5.1,4.99
11,15846.99999999954,0.063161774590996,0.5208423040601226,5.1,4.99
12,14974.00000000014,0.056633141305384,0.4584687643187735,5.1,4.99
13,13963.999999999724,0.050409398534066,0.3994182315543738,5.1,4.99
14,13014.000000000457,0.04437209666985,0.3410040975993637,5.1,4.99
15,11998.000000000213,0.038799128829386,0.2869436650036149,5.1,4.99
16,10910.999999999927,0.033338063301698,0.2355981963513942,5.1,4.99
17,9852.999999999924,0.028581841794771,0.1890312409218642,5.1,4.99
18,8794.000000000018,0.024466896379551,0.1504660546811806,5.1,4.99
19,7581.999999999996,0.019941079982732,0.1101878511960557,5.1,4.99
20,6293.00000000001,0.015858257522304,0.0765729731362483,5.1,4.99
0,0.0,-2.16059681634e-05,-0.0002106221271265,5.1,4.99
1,24720.0000000001,0.13337148549784,0.9580526068209532,5.1,4.99
2,22940.000000000047,0.11394168696396,0.8180286330845498,5.1,4.99
3,21026.00000000032,0.095133529009489,0.6800201987584038,5.1,4.99
4,19830.00000000045,0.084213249211993,0.6024252452416269,5.1,4.99
5,18468.000000000226,0.071620453143048,0.5177650738638271,5.1,4.99
6,16914.99999999957,0.059573627534559,0.4321366130102532,5.1,4.99
7,14801.000000000153,0.046126403094748,0.3254692341381308,5.1,4.99
8,12431.00000000009,0.031843663466019,0.2241719063974242,5.1,4.99
9,9154.000000000044,0.016085096239965,0.1165642459403364,5.1,4.99
10,4326.000000000018,0.0019557554876697,0.0242895127908674,5.1,4.99
0,0.0,0.0001511966605495,0.0004397059283101,5.1,4.99
1,20373.99999999954,0.081558533351429,0.623306889158,5.1,4.99
2,19252.0000000001,0.071862783019642,0.5566075147278939,5.1,4.99
3,17568.999999999978,0.058287791925548,0.462912284567156,5.1,4.99
4,16226.000000000007,0.047530040134741,0.3867501172268104,5.1,4.99
5,15233.000000000218,0.040778769552525,0.3363911228602428,5.1,4.99
6,14124.000000000244,0.034042422282421,0.2848782980751225,5.1,4.99
7,12783.99999999971,0.026816761190406,0.2325719094986157,5.1,4.99
8,11239.000000000418,0.018462649989644,0.1746294165305073,5.1,4.99
9,9312.999999999987,0.0096596787840043,0.1189084611662596,5.1,4.99
10,6762.000000000006,0.000592241661442,0.0612469564071135,5.1,4.99
0,3423.000000000045,0.0027166198704796,0.0142587903013302,5.1,4.99
1,7189.9999999999645,0.011934430053234,0.0704322712434276,5.1,4.99
2,0.0,-9.2562702148e-06,8.39985923542e-05,5.1,4.99
3,9817.999999999813,0.021575388498605,0.1338677786316326,5.1,4.99
4,12030.999999999747,0.032116993476832,0.2046246481377229,5.1,4.99
5,13668.999999999722,0.040642583381136,0.2689333208526561,5.1,4.99
6,15218.00000000017,0.0495863503236,0.3374851865111634,5.1,4.99
7,16439.000000000124,0.057489646195498,0.4023404439038407,5.1,4.99
8,18205.99999999976,0.069641915722736,0.4981931768753652,5.1,4.99
9,19835.000000000466,0.082912105624376,0.5998593884835597,5.1,4.99
10,21526.999999999847,0.098638116068411,0.7211967135683032,5.1,4.99
0,3298.00000000002,0.0027967443726168,0.0134777067368612,5.1,4.99
1,7280.999999999974,0.011755314433899,0.0722548051037581,5.1,4.99
2,0.0,-7.27520721302e-05,0.0001053513049931,5.1,4.99
3,9866.000000000353,0.021048993954549,0.1356149267849979,5.1,4.99
4,11724.000000000084,0.02903687807706,0.195242726371656,5.1,4.99
5,13379.999999999543,0.037740657347031,0.2614276925182504,5.1,4.99
6,14635.999999999614,0.045024519261739,0.3152625511669428,5.1,4.99
7,15973.99999999957,0.053514010988713,0.3826201311227585,5.1,4.99
8,17613.000000000313,0.065245184611833,0.4748283545468534,5.1,4.99
9,19042.00000000037,0.076378893705464,0.5615263943179679,5.1,4.99
10,19920.9999999996,0.08356221481228,0.6181568489878807,5.1,4.99
0,0.0,1.0419050583e-06,0.000117590126184,5.1,4.99
1,24033.00000000016,0.13431914188468,0.9125534116241224,5.1,4.99
2,21841.000000000106,0.11080613153823,0.7376701955675383,5.1,4.99
3,21097.00000000036,0.10365708200453,0.6895287327319727,5.1,4.99
4,19958.00000000029,0.093032859851879,0.6186425151680136,5.1,4.99
5,18755.999999999636,0.081868973163951,0.5421869114828306,5.1,4.99
6,17431.999999999913,0.070914863352581,0.4662005155301759,5.1,4.99
7,15865.99999999979,0.058340848334056,0.3775196981413837,5.1,4.99
8,14025.999999999543,0.045367400897296,0.2887127555207844,5.1,4.99
9,11510.000000000156,0.030365849151179,0.1898231498586469,5.1,4.99
10,8602.999999999973,0.016851208973137,0.1035861382084299,5.1,4.99
